bracket,period,sample_start,sample_end,calendar_days,spot_member_days,unknown_identity_member_days,static_venue_member_days,ambiguous_static_member_days,prior_day_supported_member_days,supported_share_of_static,avg_static_members,avg_supported_members,static_days_ge_30,supported_days_ge_30
B0,2016,2016-01-01,2016-12-31,366,1344,0,1283,365,0,0.0,3.5054644808743167,0.0,0,0
B0,2017,2017-01-01,2017-12-31,365,1459,0,1428,365,0,0.0,3.9123287671232876,0.0,0,0
B0,2018,2018-01-01,2018-12-31,365,2195,0,2195,365,0,0.0,6.013698630136986,0.0,0,0
B0,2019,2019-01-01,2019-12-31,365,2674,0,2674,672,0,0.0,7.326027397260274,0.0,0,0
B0,2020,2020-01-01,2020-12-31,366,2065,0,1944,578,1104,0.5679012345679012,5.311475409836065,3.0163934426229506,0,0
B0,2021,2021-01-01,2021-12-31,365,1620,0,1558,917,641,0.41142490372272145,4.2684931506849315,1.7561643835616438,0,0
B0,2022,2022-01-01,2022-12-31,365,1064,0,1034,580,454,0.43907156673114117,2.8328767123287673,1.2438356164383562,0,0
B0,2023,2023-01-01,2023-12-31,365,1096,0,1096,731,365,0.333029197080292,3.0027397260273974,1.0,0,0
B0,2024,2024-01-01,2024-12-31,366,1253,0,1253,887,366,0.29209896249002393,3.4234972677595628,1.0,0,0
B0,2025,2025-01-01,2025-06-30,181,996,0,996,693,303,0.3042168674698795,5.502762430939226,1.6740331491712708,0,0
B1,2016,2016-01-01,2016-12-31,366,5319,0,2606,399,0,0.0,7.120218579234972,0.0,0,0
B1,2017,2017-01-01,2017-12-31,365,6151,0,4459,523,0,0.0,12.216438356164383,0.0,0,0
B1,2018,2018-01-01,2018-12-31,365,9577,0,7390,1244,0,0.0,20.246575342465754,0.0,0,0
B1,2019,2019-01-01,2019-12-31,365,9579,0,7873,1612,0,0.0,21.56986301369863,0.0,0,0
B1,2020,2020-01-01,2020-12-31,366,10863,0,8358,2010,5016,0.6001435750179469,22.83606557377049,13.704918032786885,0,0
B1,2021,2021-01-01,2021-12-31,365,10874,0,9872,2346,6210,0.6290518638573744,27.046575342465754,17.013698630136986,93,0
B1,2022,2022-01-01,2022-12-31,365,9843,0,9019,3164,5170,0.5732342831799534,24.70958904109589,14.164383561643836,30,0
B1,2023,2023-01-01,2023-12-31,365,7571,0,6568,2585,3924,0.597442143727162,17.994520547945207,10.75068493150685,0,0
B1,2024,2024-01-01,2024-12-31,366,7678,0,7191,2894,4266,0.5932415519399249,19.647540983606557,11.655737704918034,0,0
B1,2025,2025-01-01,2025-06-30,181,4829,0,4314,1661,2592,0.6008344923504868,23.834254143646408,14.320441988950277,0,0
B2,2016,2016-01-01,2016-12-31,366,19436,0,1861,762,0,0.0,5.084699453551913,0.0,0,0
B2,2017,2017-01-01,2017-12-31,365,26602,0,6164,2386,0,0.0,16.887671232876713,0.0,31,0
B2,2018,2018-01-01,2018-12-31,365,52911,0,15184,4719,0,0.0,41.6,0.0,365,0
B2,2019,2019-01-01,2019-12-31,365,57049,0,17205,4634,0,0.0,47.136986301369866,0.0,365,0
B2,2020,2020-01-01,2020-12-31,366,55811,0,20980,5891,3237,0.15428979980934224,57.322404371584696,8.844262295081966,366,0
B2,2021,2021-01-01,2021-12-31,365,47098,0,29469,8379,13841,0.46968000271471716,80.73698630136987,37.92054794520548,365,289
B2,2022,2022-01-01,2022-12-31,365,45448,0,33567,9937,17108,0.5096672326987816,91.96438356164384,46.87123287671233,365,365
B2,2023,2023-01-01,2023-12-31,365,42056,0,33612,9532,19316,0.5746757110555754,92.08767123287672,52.92054794520548,365,365
B2,2024,2024-01-01,2024-12-31,366,50016,0,42488,14123,24821,0.5841884767463754,116.08743169398907,67.81693989071039,366,366
B2,2025,2025-01-01,2025-06-30,181,26041,0,21181,7546,12425,0.5866106416127661,117.02209944751381,68.646408839779,181,181
B3,2016,2016-01-01,2016-12-31,366,45636,0,2775,2040,0,0.0,7.581967213114754,0.0,0,0
B3,2017,2017-01-01,2017-12-31,365,61703,0,4562,2975,0,0.0,12.498630136986302,0.0,0,0
B3,2018,2018-01-01,2018-12-31,365,156032,0,12546,7192,0,0.0,34.37260273972603,0.0,245,0
B3,2019,2019-01-01,2019-12-31,365,179077,0,19966,10747,0,0.0,54.701369863013696,0.0,365,0
B3,2020,2020-01-01,2020-12-31,366,166241,0,26440,11583,267,0.010098335854765507,72.24043715846994,0.7295081967213115,366,0
B3,2021,2021-01-01,2021-12-31,365,150386,1,45240,15744,7412,0.16383731211317418,123.94520547945206,20.306849315068494,365,6
B3,2022,2022-01-01,2022-12-31,365,155468,547,57317,19726,11549,0.2014934487150409,157.03287671232877,31.64109589041096,365,246
B3,2023,2023-01-01,2023-12-31,365,150317,669,66741,22407,22092,0.33101092282105454,182.85205479452054,60.52602739726027,365,365
B3,2024,2024-01-01,2024-12-31,366,170375,668,78540,26332,35871,0.45672268907563024,214.59016393442624,98.00819672131148,366,366
B3,2025,2025-01-01,2025-06-30,181,95072,61,48963,15203,28002,0.5719012315421849,270.51381215469615,154.707182320442,181,181
