avg_members,var_removed,density,neg_edge_share,stability_ari,gross_sharpe,net_sharpe,breakeven_bps,turnover,n_rebalances,bracket,treatment,method,k_selected,k_min,k_max,eigengap,calinski_harabasz,davies_bouldin,degenerate_windows,n_windows
21.040240897892144,0.0,0.6542225786886777,0.010564155996692784,0.6400532604034769,0.4572242460553166,-0.10073045276398032,40.52734375,0.03317819047712134,107,B1,pit,SPONGE,2.0,2,2,0.5213689444686674,26.142846585556413,0.7919301604948649,0,107
21.040240897892144,0.0,0.6542225786886777,0.010564155996692784,0.5801400915014427,0.8539232603107398,0.35468340572442003,85.44921875,0.029969000467270315,107,B1,pit,SPONGEsym,2.0,2,2,0.26177027296353794,21.468445421664477,0.7734288944229011,0,107
21.040240897892144,0.0,0.6542225786886777,0.010564155996692784,0.6069105333824636,0.7839643704811808,0.23395022185436787,71.77734375,0.0326372930468222,107,B1,pit,BNC,2.0,2,2,0.496901174037131,24.67610715998019,0.7827865164240277,0,107
21.040240897892144,0.0,0.6542225786886777,0.010564155996692784,0.641749577799015,0.4448493712898853,-0.10866046273842586,40.52734375,0.033079924687030735,107,B1,pit,SignedSpectral,2.0,2,2,0.5146829795479767,24.44005963730293,0.7922693530623132,0,107
21.040240897892144,0.0,0.6542225786886777,0.010564155996692784,0.9509803921568627,-0.19550028839837352,-0.3382128037378055,0.48828125,0.0031649629165876924,107,B1,pit,RegSignedSpectral,1.0654205607476634,1,2,0.16926340030106124,,0.0,7,107
21.040240897892144,0.0,0.6542225786886777,0.010564155996692784,0.9509803921568627,-0.19550028839837352,-0.3382128037378055,0.48828125,0.0031649629165876924,107,B1,pit,RegSPONGE,1.0654205607476634,1,2,0.08447635810206809,,0.0,7,107
21.040240897892144,0.0,0.6542225786886777,0.010564155996692784,0.5422439595805616,0.7628641144559356,0.32705848934012527,87.40234375,0.02789177526939309,107,B1,pit,PowerMean p=1,2.0,2,2,0.28488833208440356,23.34878572317303,0.7267855591257426,0,107
21.040240897892144,0.0,0.6542225786886777,0.010564155996692784,0.5317519212306456,0.5454289451471742,0.1502841527663338,68.84765625,0.029430606296203317,107,B1,pit,PowerMean p=0,2.0,2,2,0.7313843429018076,25.91147235522831,0.5398086618516933,0,107
21.040240897892144,0.0,0.6542225786886777,0.010564155996692784,0.4918580752434768,-0.2852600705989866,-0.657091144989792,0.48828125,0.034901971911673005,107,B1,pit,PowerMean p=-10,2.0,2,2,1.002455823688359,25.60250954022301,0.22894801003252035,41,107
21.040240897892144,0.0,0.6542225786886777,0.010564155996692784,0.4192251483505902,-0.01592098804543244,-0.4578176446365274,0.48828125,0.03781444956972346,107,B1,pit,Hierarchical,2.0,2,2,0.09442801507163477,2.1334966741313375,1.3426611911312702,0,107
21.040240897892144,0.0,0.6542225786886777,0.010564155996692784,0.5362012570269493,-0.2980872116577129,-0.8156859464649322,0.48828125,0.03031236539008001,107,B1,pit,PCA-kmeans,2.0,2,2,0.09442801507163477,18.328959377545264,0.8876629311205679,0,107
21.040240897892144,0.0,0.6542225786886777,0.010564155996692784,0.3769004585384731,0.07047872215685698,-0.3728402654876921,8.30078125,0.029316244858824805,107,B1,pit,Pivot,2.2990654205607477,1,6,0.09442801507163477,1.7388016784442253,1.6535281823118921,0,107
19.624965781549413,0.0,0.6650503478308327,0.008920452099448292,0.6235186739994009,0.4993882747599273,-0.138612479061451,39.55078125,0.030734326047770766,104,B1,survivor-only,SPONGE,2.0,2,2,0.5196961716089236,26.1096129986775,0.8005892014526064,0,104
19.624965781549413,0.0,0.6650503478308327,0.008920452099448292,0.5240505782868137,1.1693424329324322,0.5579575492286108,96.19140625,0.027827493448805262,104,B1,survivor-only,SPONGEsym,2.0,2,2,0.25902565227164376,20.896824120100938,0.7872440979825837,0,104
19.624965781549413,0.0,0.6650503478308327,0.008920452099448292,0.5971564579203096,0.4910579533398236,-0.012135834042141662,48.33984375,0.030616234315153618,104,B1,survivor-only,BNC,2.0,2,2,0.5024495294019408,24.246528624323595,0.801664169649064,0,104
19.624965781549413,0.0,0.6650503478308327,0.008920452099448292,0.6243868858580627,0.5978555603786648,-0.04956573491059544,46.38671875,0.030701827594924132,104,B1,survivor-only,SignedSpectral,2.0,2,2,0.5126431700890669,24.467962062856905,0.8028475077319835,0,104
19.624965781549413,0.0,0.6650503478308327,0.008920452099448292,0.500723706639367,0.934860352703864,0.3635837658263188,81.54296875,0.025627186443264238,104,B1,survivor-only,PowerMean p=1,2.0,2,2,0.2806677263680382,23.380041797652364,0.7111324060958613,0,104
19.624965781549413,0.0,0.6650503478308327,0.008920452099448292,0.5101228187464646,0.3262230361939398,-0.10992351326411705,37.59765625,0.027391518374117938,104,B1,survivor-only,PowerMean p=0,2.0,2,2,0.7376694326616838,24.4699156396077,0.5500169095557373,0,104
19.624965781549413,0.0,0.6650503478308327,0.008920452099448292,0.48632073253348707,-0.07262071921494581,-0.48724532844257357,0.48828125,0.031905025573679156,104,B1,survivor-only,PowerMean p=-10,2.0,2,2,1.2133797039969152,23.4632217557732,0.19569803823723134,44,104
19.624965781549413,0.0,0.6650503478308327,0.008920452099448292,0.41744984185628903,0.05916736264496636,-0.3524860605293256,7.32421875,0.03511582924229229,104,B1,survivor-only,Hierarchical,2.0,2,2,0.09734817276748484,2.1605618827799087,1.3413053062410667,0,104
19.624965781549413,0.0,0.6650503478308327,0.008920452099448292,0.5539081358201235,-0.2189287634282433,-0.7974169140462221,0.48828125,0.02858813543223391,104,B1,survivor-only,PCA-kmeans,2.0,2,2,0.09734817276748484,17.658865087396478,0.9030675589835939,0,104
19.624965781549413,0.0,0.6650503478308327,0.008920452099448292,0.299033629863852,0.07711697264978216,-0.3412878021531768,9.27734375,0.027364357594197655,104,B1,survivor-only,Pivot,2.230769230769231,1,6,0.09734817276748484,1.8245462999391566,1.5963820825934936,0,104
98.53983027648508,0.0,0.2421586475558196,0.0075695637165256,0.6539297401463449,0.02193885115814013,-0.2338675442847263,4.39453125,0.048748551016684426,114,B2,pit,SPONGE,2.008771929824561,2,3,0.323158843866602,216.35497010549832,0.6676604411178129,0,114
98.53983027648508,0.0,0.2421586475558196,0.0075695637165256,0.6016787775768231,-0.24490832278942984,-0.47355539611917313,0.48828125,0.04799804850081494,114,B2,pit,SPONGEsym,2.008771929824561,2,3,0.14649189152462166,119.87235483465194,0.6692824455193684,0,114
98.53983027648508,0.0,0.2421586475558196,0.0075695637165256,0.5986312541439079,0.09902669694813991,-0.1323409200547872,20.99609375,0.04845302963887578,114,B2,pit,BNC,2.008771929824561,2,3,0.3150597332696021,160.7760506959513,0.6579354132241398,0,114
98.53983027648508,0.0,0.2421586475558196,0.0075695637165256,0.656519100457444,-0.1869256325012068,-0.43728891243838447,0.48828125,0.04876463112316277,114,B2,pit,SignedSpectral,2.008771929824561,2,3,0.32314717669596466,170.75783553670053,0.6635787835031405,0,114
98.53983027648508,0.0,0.2421586475558196,0.0075695637165256,0.7697179638250234,0.16093222649043215,0.07899481728013581,98.14453125,0.013520423426863605,114,B2,pit,RegSignedSpectral,1.2543859649122806,1,3,0.1312673260729504,214.10209264919777,0.02078927134200337,27,114
98.53983027648508,0.0,0.2421586475558196,0.0075695637165256,0.7697179638250234,0.4206147973364425,0.33743315672378704,253.41796875,0.013516053562743513,114,B2,pit,RegSPONGE,1.2543859649122806,1,3,0.06559121873363614,230.24761584419048,0.020539552045529087,27,114
98.53983027648508,0.0,0.2421586475558196,0.0075695637165256,0.483790883558473,-0.36094390287650485,-0.5570042254870647,0.48828125,0.048332030601536326,114,B2,pit,PowerMean p=1,2.008771929824561,2,3,0.17329879663884112,108.45456214651087,0.67534018915761,0,114
98.53983027648508,0.0,0.2421586475558196,0.0075695637165256,0.4564110659173417,-0.43835822771512545,-0.6579792071529482,0.48828125,0.04555181068702013,114,B2,pit,PowerMean p=0,2.008771929824561,2,3,0.530941128492749,95.73583336433697,0.5526386003954152,0,114
98.53983027648508,0.0,0.2421586475558196,0.0075695637165256,0.4266766513820406,-0.41531610471847824,-0.6231718053841184,0.48828125,0.04715847673568326,114,B2,pit,PowerMean p=-10,2.008771929824561,2,3,0.27673600124138525,103.62751488624662,0.4294083382787943,17,114
98.53983027648508,0.0,0.2421586475558196,0.0075695637165256,0.3210504080080457,-0.9099840328209258,-1.1036318373743488,0.48828125,0.050483256843386795,114,B2,pit,Hierarchical,2.008771929824561,2,3,0.023720590140530268,2.806988543816422,2.226814464451144,0,114
98.53983027648508,0.0,0.2421586475558196,0.0075695637165256,0.5047992915744802,-0.22729882420623349,-0.49447411438186506,0.48828125,0.04151931127242231,114,B2,pit,PCA-kmeans,2.008771929824561,2,3,0.023720590140530268,59.91139633610098,0.7586534526144372,0,114
98.53983027648508,0.0,0.2421586475558196,0.0075695637165256,0.14402379583567454,-0.9807381267290305,-1.1696864566552396,0.48828125,0.04796940059551629,114,B2,pit,Pivot,14.771929824561404,1,32,0.023720590140530268,1.4515489548277936,2.3084440566255875,0,114
80.58883109772789,0.0,0.26032061380846216,0.00499228925267298,0.618065847589235,-0.06903797739160845,-0.4005910698126607,0.48828125,0.04485451220667081,108,B2,survivor-only,SPONGE,2.0,2,2,0.3417122701585676,191.21572407148125,0.6869039479676937,0,108
80.58883109772789,0.0,0.26032061380846216,0.00499228925267298,0.5868643356052504,-0.18349346999706925,-0.5030859456200321,0.48828125,0.04392258170102494,108,B2,survivor-only,SPONGEsym,2.0,2,2,0.15250131377007273,106.57448791673926,0.6837323149654632,0,108
80.58883109772789,0.0,0.26032061380846216,0.00499228925267298,0.611733427789464,-0.0032908896703395143,-0.3256844476012839,0.48828125,0.04494920367847833,108,B2,survivor-only,BNC,2.0,2,2,0.33885477602360803,140.73003206731468,0.6909175100787429,0,108
80.58883109772789,0.0,0.26032061380846216,0.00499228925267298,0.6180362944419071,-0.13323045199697098,-0.4579965697950373,0.48828125,0.04470873651941446,108,B2,survivor-only,SignedSpectral,2.0,2,2,0.34211902195617333,149.64619012698066,0.6925812513698705,0,108
80.58883109772789,0.0,0.26032061380846216,0.00499228925267298,0.9238095238095239,0.5104551346019314,0.46412993658527063,499.51171875,0.003961073155209809,108,B2,survivor-only,RegSignedSpectral,1.0740740740740742,1,2,0.134127660066188,,0.0,8,108
80.58883109772789,0.0,0.26032061380846216,0.00499228925267298,0.9238095238095239,0.5341733421501133,0.4784866272085213,481.93359375,0.004814039590234575,108,B2,survivor-only,RegSPONGE,1.0925925925925926,1,2,0.06701545699807278,,0.0,10,108
80.58883109772789,0.0,0.26032061380846216,0.00499228925267298,0.48380994626768403,0.09610084558785949,-0.21079236755826924,16.11328125,0.04409784059341642,108,B2,survivor-only,PowerMean p=1,2.0,2,2,0.185848873216669,108.70801499027127,0.6513069120579915,0,108
80.58883109772789,0.0,0.26032061380846216,0.00499228925267298,0.42902491868277354,0.1896024246836284,-0.10744128874898422,31.73828125,0.042219182115687905,108,B2,survivor-only,PowerMean p=0,2.0,2,2,0.5599257913441434,85.30181371980494,0.514267947543821,0,108
80.58883109772789,0.0,0.26032061380846216,0.00499228925267298,0.39852184805103696,0.10371766141070046,-0.19449627857836346,17.08984375,0.04373004013608572,108,B2,survivor-only,PowerMean p=-10,2.0,2,2,0.11684430875211002,86.67596288348281,0.36343340501709576,20,108
80.58883109772789,0.0,0.26032061380846216,0.00499228925267298,0.3409024176990481,0.2319858000837995,-0.07900145014409456,37.59765625,0.04646833338876145,108,B2,survivor-only,Hierarchical,2.0,2,2,0.02770392068410867,2.7585379453968617,2.195436578330289,0,108
80.58883109772789,0.0,0.26032061380846216,0.00499228925267298,0.5560664055515953,-0.4607533536350422,-0.8218023038021715,0.48828125,0.0371031875949658,108,B2,survivor-only,PCA-kmeans,2.0,2,2,0.02770392068410867,54.837169902533624,0.7331286778268191,0,108
80.58883109772789,0.0,0.26032061380846216,0.00499228925267298,0.19620365319201777,0.08107413544229487,-0.21546484511700378,13.18359375,0.04593910000793479,108,B2,survivor-only,Pivot,13.416666666666666,1,31,0.02770392068410867,1.4379673252321477,2.2735818332622433,0,108
261.4473035860936,0.0,0.09504710907954449,0.012209533174072609,0.5796616312016702,-0.32462257476495815,-0.47664278366456064,0.48828125,0.052045279264326345,110,B3,pit,SPONGE,2.590909090909091,2,5,0.21766346961643357,239.6279655528316,0.8418016407632446,0,110
261.4473035860936,0.0,0.09504710907954449,0.012209533174072609,0.4561385032392032,-0.5934773765193965,-0.7347724504217203,0.48828125,0.05191761901401546,110,B3,pit,SPONGEsym,2.590909090909091,2,5,0.08006126942278366,203.33856025004627,0.8071775733559591,0,110
261.4473035860936,0.0,0.09504710907954449,0.012209533174072609,0.44299024682022303,-0.4662686195336031,-0.6128659046271084,0.48828125,0.05182130552382369,110,B3,pit,BNC,2.590909090909091,2,5,0.19235831356830072,207.82505845307887,0.8013190062533525,0,110
261.4473035860936,0.0,0.09504710907954449,0.012209533174072609,0.5774718204143152,-0.24905675258584473,-0.40422058153272616,0.48828125,0.05200356903539114,110,B3,pit,SignedSpectral,2.590909090909091,2,5,0.21618916275331268,226.54436149552407,0.8036874611595202,0,110
261.4473035860936,0.0,0.09504710907954449,0.012209533174072609,0.6361681796609971,-0.8203987346716775,-0.9674810938454961,0.48828125,0.03879469323450371,110,B3,pit,RegSignedSpectral,2.3727272727272726,1,5,0.09038590887345252,854.0752020756828,0.2893405715309553,38,110
261.4473035860936,0.0,0.09504710907954449,0.012209533174072609,0.6401084292619144,-0.8636110808168614,-1.0095446068271055,0.48828125,0.03833869305289131,110,B3,pit,RegSPONGE,2.3636363636363638,1,5,0.04520802278719297,833.958431494842,0.29359884485327703,37,110
261.4473035860936,0.0,0.09504710907954449,0.012209533174072609,0.24356522842968115,-0.47328438056495065,-0.6110752254386708,0.48828125,0.05216403424724717,110,B3,pit,PowerMean p=1,2.590909090909091,2,5,0.09156561368553556,177.46135090412906,0.9002312031454062,0,110
261.4473035860936,0.0,0.09504710907954449,0.012209533174072609,0.4229437498494639,-1.0270062114776473,-1.1645139978596877,0.48828125,0.0518059741053707,110,B3,pit,PowerMean p=0,2.590909090909091,2,5,0.2526838412598376,186.45479240008737,0.7574325539047585,0,110
261.4473035860936,0.0,0.09504710907954449,0.012209533174072609,0.3911377443364188,-1.2869502416318797,-1.426112041247087,0.48828125,0.05211258994501443,110,B3,pit,PowerMean p=-10,2.590909090909091,2,5,2.0241316760712132e-07,203.68375051679394,0.7259214961764527,3,110
261.4473035860936,0.0,0.09504710907954449,0.012209533174072609,0.27333585944725747,-1.0952524576409859,-1.2363647020030701,0.48828125,0.050254987493269954,110,B3,pit,Hierarchical,2.590909090909091,2,5,0.008130012256236493,2.6043081444003255,3.4001523774846207,0,110
261.4473035860936,0.0,0.09504710907954449,0.012209533174072609,0.6996700610450619,1.017073216508198,0.8151383156791318,251.46484375,0.04734705173277421,110,B3,pit,PCA-kmeans,2.590909090909091,2,5,0.008130012256236493,147.28719777260704,0.6212370538066208,0,110
261.4473035860936,0.0,0.09504710907954449,0.012209533174072609,0.13069301800976327,-0.5543900187520576,-0.6798954336947165,0.48828125,0.052513103520794385,110,B3,pit,Pivot,49.09090909090909,2,92,0.008130012256236493,1.207932826420579,2.4662227860078754,0,110
189.38954284150014,0.0,0.16829668664282768,0.009757438447377541,0.558135319821227,0.5007190095588087,0.3009089042176291,125.48828125,0.051237157945916934,115,B3,survivor-only,SPONGE,2.5391304347826087,2,5,0.28368822113890296,203.46160398258553,0.8346815324547529,0,115
189.38954284150014,0.0,0.16829668664282768,0.009757438447377541,0.4239041552966764,0.19309789983972311,-0.0007500150841310387,50.29296875,0.05130563587097409,115,B3,survivor-only,SPONGEsym,2.5391304347826087,2,5,0.10513293757741773,160.78208677821664,0.7843220965834187,0,115
189.38954284150014,0.0,0.16829668664282768,0.009757438447377541,0.4760237026961183,0.374300914373455,0.17483912779014926,94.23828125,0.050061779121622955,115,B3,survivor-only,BNC,2.5391304347826087,2,5,0.2621155825100397,174.67003662781036,0.8037408655895116,0,115
189.38954284150014,0.0,0.16829668664282768,0.009757438447377541,0.5576630590132372,0.43599338346869454,0.23378686838778837,107.91015625,0.05126687621682243,115,B3,survivor-only,SignedSpectral,2.5391304347826087,2,5,0.28194086698890664,189.96213685122584,0.8132562648511966,0,115
189.38954284150014,0.0,0.16829668664282768,0.009757438447377541,0.6597517331290746,-0.5829580802140205,-0.7567566518728022,0.48828125,0.0352417855145516,115,B3,survivor-only,RegSignedSpectral,2.208695652173913,1,5,0.10562375182195112,774.4940274355747,0.3055560863349966,32,115
189.38954284150014,0.0,0.16829668664282768,0.009757438447377541,0.6550019002160764,-0.5525367722249572,-0.7294326635610235,0.48828125,0.035235648574799126,115,B3,survivor-only,RegSPONGE,2.208695652173913,1,5,0.05281646104814033,760.8380256786975,0.3077885041768331,32,115
189.38954284150014,0.0,0.16829668664282768,0.009757438447377541,0.271867924577195,0.35936711630275986,0.1628426328450145,91.30859375,0.05130965198359761,115,B3,survivor-only,PowerMean p=1,2.5391304347826087,2,5,0.13537335779985138,144.508141640511,0.8392336399207052,0,115
189.38954284150014,0.0,0.16829668664282768,0.009757438447377541,0.3728305648955436,-0.008569601935234575,-0.20794207964658115,0.48828125,0.0513478726477186,115,B3,survivor-only,PowerMean p=0,2.5391304347826087,2,5,0.41383283218434563,144.7729136881909,0.6965647242620046,0,115
189.38954284150014,0.0,0.16829668664282768,0.009757438447377541,0.37502195415335376,-0.058109892566121465,-0.2656835707621818,0.48828125,0.05163518197943095,115,B3,survivor-only,PowerMean p=-10,2.5391304347826087,2,5,0.05486614687296471,164.07631531708594,0.610820732412638,10,115
189.38954284150014,0.0,0.16829668664282768,0.009757438447377541,0.28070785961503153,-0.037099864423088116,-0.24141153728853712,0.48828125,0.05142083290641197,115,B3,survivor-only,Hierarchical,2.5391304347826087,2,5,0.015921078992481588,2.344579227714063,2.927787540828375,0,115
189.38954284150014,0.0,0.16829668664282768,0.009757438447377541,0.6304159494613432,0.29663362932829823,0.031765778982192384,56.15234375,0.046634089868135664,115,B3,survivor-only,PCA-kmeans,2.5391304347826087,2,5,0.015921078992481588,125.70089740046505,0.7082321170492653,0,115
189.38954284150014,0.0,0.16829668664282768,0.009757438447377541,0.12365167640712815,0.46707408317829413,0.2918572879107627,133.30078125,0.051294914383708305,115,B3,survivor-only,Pivot,38.87826086956522,1,120,0.015921078992481588,1.2047046335564575,2.415292454149978,0,115
