date,close,volume
2023-05-30,1901.02656766367,5363439783.55
2023-05-31,1874.130435212297,5984512547.89
2023-06-01,1862.2014510176673,5640027196.55
2023-06-02,1907.256636293474,6097746021.52
2023-06-03,1892.4125288603614,3472274607.39
2023-06-04,1890.5135595696445,3747042695.61
2023-06-05,1811.8283599458466,9246593033.12
2023-06-06,1884.4948378065226,8704411776.11
2023-06-07,1832.3959608921007,7919894454.8
2023-06-08,1846.3018693825886,4536041930.6
2023-06-09,1840.2251778375387,4610831509.17
2023-06-10,1752.3847272042892,10788500406.11
2023-06-11,1753.415239811152,4559112980.81
2023-06-12,1742.5286400944417,6031384958.11
2023-06-13,1739.0375441046122,6214125203.3
2023-06-14,1650.5192414210971,7462905533.98
2023-06-15,1665.5198178778353,7328564879.7
2023-06-16,1716.6688534439506,6281023478.71
2023-06-17,1727.204152116913,4875187476.59
2023-06-18,1720.577491777032,3820038842.16
2023-06-19,1737.6594086454586,5210480120.86
2023-06-20,1792.1199452830308,7171072578.42
2023-06-21,1891.0071503551621,11731457711.06
2023-06-22,1872.94304705806,8477657143.31
2023-06-23,1892.86210797994,8290615074.46
2023-06-24,1876.0597024608312,5026191704.23
2023-06-25,1900.5061356567664,6937581708.87
2023-06-26,1859.4328584008824,8619702291.5
2023-06-27,1889.7033733014941,7686042202.44
2023-06-28,1827.9711912823684,7135265015.9
2023-06-29,1852.2272895415097,5677228612.02
2023-06-30,1933.188982215443,12895131248.2
2023-07-01,1924.5659495846005,5136809625.32
2023-07-02,1937.4383914032999,6343966489.66
2023-07-03,1955.3891053946654,7858509087.49
2023-07-04,1936.6335891823273,5683423775.56
2023-07-05,1910.5880452173378,6034088075.03
2023-07-06,1848.6364873328691,8905008384.07
2023-07-07,1870.6025963312786,6468885149.98
2023-07-08,1865.5396023891499,4299007853.56
2023-07-09,1863.0098100362684,4392863806.9
2023-07-10,1880.5564552601859,6336468234.43
2023-07-11,1878.3361077979323,4905225891.57
2023-07-12,1872.1137991587264,6379006999.95
2023-07-13,2006.5115122090779,11114853969.23
2023-07-14,1939.3470895148605,10627449471.12
2023-07-15,1931.4665891581021,4380084233.54
2023-07-16,1923.6818570360388,4329306566.07
2023-07-17,1911.6461566209216,6678090757.93
2023-07-18,1897.5992249178998,5814708444.98
2023-07-19,1889.0079644852883,6018487800.4
2023-07-20,1890.9691089077467,7366830683.51
2023-07-21,1892.0801319192672,4668158259.72
2023-07-22,1864.9122953499198,4101305643.35
2023-07-23,1889.1916718833731,4480604099.77
2023-07-24,1850.0020751716047,6344373568.82
2023-07-25,1857.7419575709741,4163381707.32
2023-07-26,1872.1599359835243,5781548155.47
2023-07-27,1860.357221004789,4291339248.12
2023-07-28,1874.7449256661575,3800973336.48
2023-07-29,1881.068876937704,2497302217.96
2023-07-30,1861.6438552674626,4003005547.05
2023-07-31,1856.162339738359,4391613313.66
2023-08-01,1871.7921704214755,7634860635.76
2023-08-02,1839.0897065368486,6448512421.97
2023-08-03,1835.1365255355224,4710581073.79
2023-08-04,1827.7129406804413,4861242484.17
2023-08-05,1834.987917321293,2866049749.41
2023-08-06,1827.4620791689538,2963395075.87
2023-08-07,1826.9387893514415,5837881974.42
2023-08-08,1855.8073211752862,5812855406.06
2023-08-09,1854.2975491247064,5870081832.81
2023-08-10,1850.7534547451532,3760304517.5
2023-08-11,1847.124362155892,3353025102.3
2023-08-12,1848.8898822123258,2291124840.3
2023-08-13,1839.2801756372123,3054625661.34
2023-08-14,1844.1857646579329,4083364724.49
2023-08-15,1826.9327978013791,4483923892.5
2023-08-16,1805.65900142058,4976573383.4
2023-08-17,1684.933457389122,14208462071.57
2023-08-18,1660.945128457083,9645084584.17
2023-08-19,1669.4718707310635,4871231359.97
2023-08-20,1684.8520501855296,4105056995.27
2023-08-21,1667.2690996991087,5077248383.35
2023-08-22,1633.8926267598488,7244623132.64
2023-08-23,1679.2744714844664,7191868447.94
2023-08-24,1659.9446226124828,5104531919.55
2023-08-25,1652.9351167503737,5396997822.81
2023-08-26,1646.306817860136,2423247747.14
2023-08-27,1657.5130726945665,2624065030.72
2023-08-28,1652.4574355436625,4855588533.82
2023-08-29,1729.7256498745533,11304916728.79
2023-08-30,1705.1121423041093,5023904190.46
2023-08-31,1645.6391241320975,6593153504.5
2023-09-01,1628.4911928865715,6104510092.24
2023-09-02,1637.0253385417527,2943590995.82
2023-09-03,1636.117678576592,3151878318.24
2023-09-04,1629.6552264676038,3887968912.14
2023-09-05,1633.6293448936783,4417491901.68
2023-09-06,1632.2522842347976,4987397046.16
2023-09-07,1647.5982186153967,4907290296.16
2023-09-08,1636.137840031794,4598495495.75
2023-09-09,1635.1623166872705,2081625742.02
2023-09-10,1616.8288799490842,4339499948.53
2023-09-11,1551.6376717998792,7693700922.84
2023-09-12,1592.4294382648884,6813819740.05
2023-09-13,1607.988484617306,4979469106.42
2023-09-14,1626.9743262163493,5538958553.07
2023-09-15,1641.6403441677921,4348584770.57
2023-09-16,1635.2217116964305,2819575928.52
2023-09-17,1622.8967525804387,3032716258.02
2023-09-18,1637.3469881783747,5916674788.72
2023-09-19,1643.544656886559,4405868861.25
2023-09-20,1622.8906070275302,5156431985.8
2023-09-21,1584.307062935602,5191732311.87
2023-09-22,1593.2683304573768,3460791634.47
2023-09-23,1593.857747399026,2101436677.65
2023-09-24,1580.853362168062,3086456943.7
2023-09-25,1588.3228677916343,4394930983.8
2023-09-26,1593.4171931027101,3544861159.98
2023-09-27,1597.4912262035891,5533036096.01
2023-09-28,1652.8827456544439,6658092167.71
2023-09-29,1667.943832922531,5529687536.86
2023-09-30,1671.161811190292,3155292191.95
2023-10-01,1733.8104784385712,5054880179.79
2023-10-02,1663.627528836405,8420552921.62
2023-10-03,1656.6856238036664,4742827302.24
2023-10-04,1647.8380903281313,5127524862.9
2023-10-05,1611.4764662363762,5403759057.34
2023-10-06,1645.8314874747973,4941208729.21
2023-10-07,1634.5112732424018,2578994987.75
2023-10-08,1633.5485715949067,3315554175.07
2023-10-09,1579.8066080951041,7020801715.54
2023-10-10,1567.7129669395226,5254966125.17
2023-10-11,1566.2547858612434,5416504273.18
2023-10-12,1539.6124395074075,5003930676.87
2023-10-13,1552.0894675436118,4575141510.9
2023-10-14,1555.2568092261984,2429214717.6
2023-10-15,1558.0697934299044,2923337882.88
2023-10-16,1600.5342762528226,8846928525.98
2023-10-17,1565.4395660007658,5032686972.73
2023-10-18,1563.7498838125935,4354138855.49
2023-10-19,1567.4570729267916,5035110866.71
2023-10-20,1604.6668665066627,6747486126.56
2023-10-21,1629.3044767369809,4212179633.61
2023-10-22,1663.429944944137,5248406816.54
2023-10-23,1765.382642920734,14362295878.75
2023-10-24,1784.4374604857505,15888690475.47
2023-10-25,1787.3976241893238,9439066475.4
2023-10-26,1804.0393004003859,11196672634.73
2023-10-27,1780.0453464483094,7493399771.11
2023-10-28,1776.618175572267,4226112730.81
2023-10-29,1795.5459625533908,4358528382.35
2023-10-30,1810.0885684745324,7534051037.71
2023-10-31,1816.4589317668385,6477922746.76
2023-11-01,1847.0897463033887,10628825648.39
2023-11-02,1800.6210046347253,9004197724.3
2023-11-03,1832.795212561975,7622864054.79
2023-11-04,1857.6985957472034,4845080426.86
2023-11-05,1894.1576842261306,8867152644.56
2023-11-06,1899.8373643760322,8104122602.14
2023-11-07,1888.124211378001,9203228151.64
2023-11-08,1889.3223471996496,6751627017.07
2023-11-09,2120.5609463695414,24709695028.59
2023-11-10,2078.2897139105444,14740624457.03
2023-11-11,2052.713893982851,10228351203.18
2023-11-12,2045.1870407472898,7951011697.73
2023-11-13,2055.2652897926264,14322027969.73
2023-11-14,1979.0526719014126,13087862494.64
2023-11-15,2060.4084021182184,12626326991.41
2023-11-16,1960.8815523098758,14651619482.71
2023-11-17,1961.2807205391705,11881648738.41
2023-11-18,1963.2850130444237,8064677045.96
2023-11-19,2013.2044472699451,7716048817.89
2023-11-20,2022.2391278939533,12866464823.5
2023-11-21,1937.0668029371768,13653500841.08
2023-11-22,2064.4252149797026,13372200584.33
2023-11-23,2062.210726966603,7828437946.25
2023-11-24,2081.15204273334,12141148820.16
2023-11-25,2084.413070743018,5362623389.99
2023-11-26,2063.286240628332,8054814153.5
2023-11-27,2027.4172988226248,10574810068.61
2023-11-28,2049.3381283931235,9910633037.54
2023-11-29,2029.9291808772552,8945151860.66
2023-11-30,2052.5560758309216,8107789162.87
2023-12-01,2087.1400074285916,10866891430.26
2023-12-02,2165.704000948472,9130124830.7
2023-12-03,2193.6915545309525,8278465782.07
2023-12-04,2243.2159138525376,16149367133.85
2023-12-05,2293.84168890443,15383072558.62
2023-12-06,2231.6613482543157,12790612570.98
2023-12-07,2357.579633157357,14766891042.46
2023-12-08,2358.731939305332,12543458699.27
2023-12-09,2341.175233239258,10613312822.78
2023-12-10,2352.4627556082255,7369608904.74
2023-12-11,2224.5787846631833,17989249470.29
2023-12-12,2202.0379684959485,11391132227.58
2023-12-13,2260.6487681131416,12576395493.06
2023-12-14,2316.5790072611167,12608711052.34
2023-12-15,2219.3373100010654,10259157898.15
2023-12-16,2226.926519807441,6866555429.62
2023-12-17,2196.481159073053,7410453853.39
2023-12-18,2217.273348913827,10366536489.75
2023-12-19,2177.8726106678673,10619179628.95
2023-12-20,2201.9114564015767,12652290806.57
2023-12-21,2239.542413321194,12616530536.39
2023-12-22,2326.524957392841,16137246309.76
2023-12-23,2309.046374800585,7995772944.94
2023-12-24,2265.692142701118,9450799235.72
2023-12-25,2272.561667217475,8036302656.28
2023-12-26,2231.465335862745,10668581463.59
2023-12-27,2378.74011027165,14161342927.24
2023-12-28,2347.5660660267054,15660799060.21
2023-12-29,2300.690768396413,12536968996.15
2023-12-30,2292.0653348352134,6888195426.56
2023-12-31,2281.4713016935757,6871481744.0
2024-01-01,2352.3279406650267,6906765990.38
2024-01-02,2355.8364746171237,12910543630.45
2024-01-03,2210.761891527018,19332933580.96
2024-01-04,2269.0381829774255,11044564896.05
2024-01-05,2268.647226669059,10860953289.88
2024-01-06,2241.6247100643527,5970741680.09
2024-01-07,2222.8658884902075,6490053615.23
2024-01-08,2333.032746085961,13830287094.7
2024-01-09,2344.8271586295073,14891130715.61
2024-01-10,2582.1035282908183,29042100476.35
2024-01-11,2619.6190776851226,22575246883.35
2024-01-12,2524.4601481180985,23623839262.54
2024-01-13,2576.5979052661964,12250316866.58
2024-01-14,2472.241275463032,9405587417.21
2024-01-15,2511.3636967714333,9700629999.51
2024-01-16,2587.6911147328856,11063317094.53
2024-01-17,2528.3694055031187,10441017520.49
2024-01-18,2467.018846625961,11900028080.34
2024-01-19,2489.4986226939527,11405278375.68
2024-01-20,2469.58912273401,5297826161.27
2024-01-21,2453.9130976475567,4578471954.64
2024-01-22,2310.82640154159,13923771728.14
2024-01-23,2240.68593953593,16182147521.1
2024-01-24,2233.561766540395,10134722959.77
2024-01-25,2217.7102754506996,9302247036.65
2024-01-26,2267.1997994558255,9975117607.46
2024-01-27,2267.886077764971,5144367229.53
2024-01-28,2257.2088341312256,7296214994.2
2024-01-29,2317.064119917871,8948195551.16
2024-01-30,2344.4936977657253,10173440062.1
2024-01-31,2282.544542388511,10807883277.42
2024-02-01,2303.824822302137,8895583112.69
2024-02-02,2308.038070409386,7186143091.25
2024-02-03,2296.0382213413754,4647754020.93
2024-02-04,2289.546121015645,5438100034.9
2024-02-05,2298.8889049577638,7277068110.42
2024-02-06,2372.2018047905262,9520885492.97
2024-02-07,2423.7450539674837,9660628536.26
2024-02-08,2419.906522502877,9941841732.12
2024-02-09,2487.5156654863436,13634203177.48
2024-02-10,2501.228309703101,6474444159.47
2024-02-11,2507.57057054767,7347245813.2
2024-02-12,2658.1160212768245,13022696865.94
2024-02-13,2642.1853042070197,18271237043.62
2024-02-14,2777.902245810983,21448973821.6
2024-02-15,2824.3789422913314,23734481936.55
2024-02-16,2803.6914132081806,17057114638.17
2024-02-17,2786.672671580202,17932379942.82
2024-02-18,2878.99815518923,23355830478.13
2024-02-19,2943.5748006563385,15163110588.63
2024-02-20,3013.503600009902,20341598470.02
2024-02-21,2970.355581727673,18897136866.62
2024-02-22,2971.0073275364543,18058908246.15
2024-02-23,2921.6583093605614,12822717058.56
2024-02-24,2992.386095731716,10701688842.28
2024-02-25,3112.697352991557,14620450463.8
2024-02-26,3178.993693605849,17504464351.23
2024-02-27,3244.5192465031264,21090315368.02
2024-02-28,3385.703969737217,32885894264.55
2024-02-29,3341.919603351823,28469171094.48
2024-03-01,3435.053929197128,16880101986.53
2024-03-02,3422.049921458824,12024340617.03
2024-03-03,3490.9936365071944,13643324466.84
2024-03-04,3630.433819161198,26772963830.12
2024-03-05,3554.964648322695,47706899136.72
2024-03-06,3819.2263127657793,34938642613.49
2024-03-07,3874.3477017099754,22457177586.62
2024-03-08,3892.0611394225457,26135487051.07
2024-03-09,3915.4188666515674,11926623779.52
2024-03-10,3881.193189257368,15783924355.16
2024-03-11,4066.4449901417947,28806262506.99
2024-03-12,3980.273243852051,26917010932.18
2024-03-13,4006.4569519053903,22028114690.77
2024-03-14,3883.1403559222153,25434810822.75
2024-03-15,3735.220254560697,33505075433.33
2024-03-16,3522.8601999488965,20199855931.51
2024-03-17,3642.413006216292,19938757095.26
2024-03-18,3517.985129727293,21162220223.79
2024-03-19,3157.6181789707343,34166976701.14
2024-03-20,3513.393032285249,36605316330.75
2024-03-21,3492.9913315229205,22213647921.92
2024-03-22,3333.6879909564636,20574952329.43
2024-03-23,3336.5940784200425,13242137554.47
2024-03-24,3454.6364675677714,12156660941.14
2024-03-25,3590.8837729240354,18603921704.65
2024-03-26,3587.505001702591,18505553576.56
2024-03-27,3500.1152241991335,18753082144.63
2024-03-28,3561.294058423606,16419674157.26
2024-03-29,3511.8061663441235,12712701619.31
2024-03-30,3507.944362881923,9389066783.02
2024-03-31,3647.856380274934,10499881424.22
2024-04-01,3505.0300386443955,16002098681.21
2024-04-02,3277.2346988709264,22076539151.0
2024-04-03,3311.4417832567256,16010734587.12
2024-04-04,3330.0405943762194,14476330516.95
2024-04-05,3318.8851690846527,15214447091.66
2024-04-06,3354.183863057382,8956926797.94
2024-04-07,3453.4945694384865,9931108525.52
2024-04-08,3695.292843609051,19055143128.58
2024-04-09,3505.1633552902827,18279773833.41
2024-04-10,3543.737133397864,16872482725.98
2024-04-11,3505.2478538631008,14076734488.78
2024-04-12,3243.034955215706,22104869556.28
2024-04-13,3004.900444523182,29930408174.43
2024-04-14,3156.9419671803175,25486284993.68
2024-04-15,3101.600446112479,21925843181.29
2024-04-16,3084.9201649655365,19441391169.24
2024-04-17,2984.7276279515822,17711869374.77
2024-04-18,3066.0276299663706,15183777035.31
2024-04-19,3059.2784549759276,20399982866.88
2024-04-20,3157.627204277781,9918642130.05
2024-04-21,3147.288474274443,9394387894.31
2024-04-22,3201.6520567626353,12063858732.96
2024-04-23,3219.911541234105,11054442653.07
2024-04-24,3139.8052689527944,14000234759.59
2024-04-25,3156.5095419628205,13989030260.49
2024-04-26,3130.1647111846405,10622333862.32
2024-04-27,3252.1681756419603,11820785576.93
2024-04-28,3262.7747417145056,11379192677.61
2024-04-29,3215.4289697146182,15032246815.83
2024-04-30,3012.2867437495206,18266894652.6
2024-05-01,2969.784787064273,20005057444.9
2024-05-02,2988.168507495729,13163903902.94
2024-05-03,3103.5421091630997,12862183229.23
2024-05-04,3117.5765307870747,8283229638.23
2024-05-05,3137.248918478322,8783447638.67
2024-05-06,3062.7286748572087,13008587254.71
2024-05-07,3006.5771141232367,11743187337.02
2024-05-08,2973.657243931604,11791662157.83
2024-05-09,3036.0205832058637,10861947178.55
2024-05-10,2909.791147180992,12278653601.04
2024-05-11,2911.60205620269,6795916454.2
2024-05-12,2928.7020128966933,5908941395.24
2024-05-13,2949.3595613635657,13352264795.07
2024-05-14,2881.158052501572,12444516140.08
2024-05-15,3037.0566448958934,14666902956.29
2024-05-16,2945.1310661054395,13035465175.78
2024-05-17,3094.1187606135836,14449438097.3
2024-05-18,3122.9490620548177,9407051320.37
2024-05-19,3071.8429493039466,8747800800.03
2024-05-20,3663.8555706363,31228143947.79
2024-05-21,3789.3128212646584,37643853966.74
2024-05-22,3737.2178676292297,25155809460.99
2024-05-23,3776.9272979592665,45623656317.06
2024-05-24,3726.9345506863588,22257061429.03
2024-05-25,3749.236571254626,10000027763.62
2024-05-26,3825.8975522958513,14650794791.3
2024-05-27,3892.006733707329,18949181813.45
2024-05-28,3840.256432130943,19846044323.95
2024-05-29,3763.196457492885,17411416735.59
2024-05-30,3746.849720440172,15065849796.65
2024-05-31,3760.0266864262157,15290700646.46
2024-06-01,3813.1988663447623,8661024535.04
2024-06-02,3780.8958883416253,11126903059.46
2024-06-03,3766.389156936983,14082454300.19
2024-06-04,3812.5159093596426,13331489270.76
2024-06-05,3864.2609479699804,15480034433.97
2024-06-06,3811.6058513145313,13606583872.52
2024-06-07,3678.629122346332,18220286186.1
2024-06-08,3680.9498987427914,9096091805.12
2024-06-09,3705.903804424987,7910768788.46
2024-06-10,3666.7175217484473,10377300126.33
2024-06-11,3498.330549796708,19184721538.17
2024-06-12,3559.617645247292,17142905350.79
2024-06-13,3469.281250870165,14472382154.39
2024-06-14,3480.271918111458,15793876595.6
2024-06-15,3565.5495056540776,12733651076.32
2024-06-16,3620.563446493244,9878388157.61
2024-06-17,3511.379017105975,17838856987.87
2024-06-18,3483.6813541597407,21022514455.21
2024-06-19,3559.347309585332,15275373777.7
2024-06-20,3511.0869233633543,16115123752.71
2024-06-21,3516.0755619859287,15933353455.85
2024-06-22,3494.813387980797,7423703673.29
2024-06-23,3418.6118772590903,9418141332.84
2024-06-24,3350.25635103002,23137744903.39
2024-06-25,3395.029004864046,13235546062.82
2024-06-26,3369.4772002383174,11694054195.35
2024-06-27,3444.800537886287,11771834016.42
2024-06-28,3373.635939806613,12861158844.41
2024-06-29,3372.967861992943,6584792001.49
2024-06-30,3432.8890895755435,8396416013.34
2024-07-01,3440.341624723772,12281551838.73
2024-07-02,3416.3547278949277,9421757717.69
2024-07-03,3292.9167872079292,16121324439.66
2024-07-04,3054.521964484979,20252514385.5
2024-07-05,2981.598696351671,31131942647.17
2024-07-06,3069.377928284841,11586293704.83
2024-07-07,2929.3872316714624,10857947538.02
2024-07-08,3018.732032316185,22627377457.03
2024-07-09,3064.032883645591,15269945821.81
2024-07-10,3102.218794431372,14578679176.16
2024-07-11,3100.3307531137275,15230095765.86
2024-07-12,3134.158662839829,12751638330.58
2024-07-13,3177.1986392641015,8565105946.01
2024-07-14,3244.0790922444266,10517709665.73
2024-07-15,3489.5526866154637,18305490389.61
2024-07-16,3443.5135017872913,20446664416.01
2024-07-17,3388.7523731071506,16739123961.79
2024-07-18,3426.258590644699,15035622003.12
2024-07-19,3505.734840967882,17705629736.48
2024-07-20,3519.295344084242,10360198324.58
2024-07-21,3536.6054396997815,13845913681.14
2024-07-22,3440.4198924690427,18723199034.02
2024-07-23,3481.9959539766546,24468405649.9
2024-07-24,3336.3394237400785,16040945448.27
2024-07-25,3174.4273153636377,25293745810.03
2024-07-26,3275.9514243807744,15993893520.76
2024-07-27,3247.607981726796,15198233287.39
2024-07-28,3271.4646364708806,8959236445.64
2024-07-29,3320.5392099335636,18334852719.12
2024-07-30,3278.6677928161234,14045773046.54
2024-07-31,3231.2957066884164,16135380636.88
2024-08-01,3201.5644469307845,20217639555.82
2024-08-02,2986.013152801193,21400241740.62
2024-08-03,2903.3857025543866,17844091430.83
2024-08-04,2686.398861045193,21139601426.46
2024-08-05,2417.206184211535,67668132244.38
2024-08-06,2458.7238702336304,26041995920.95
2024-08-07,2336.5893752637962,24264218606.01
2024-08-08,2683.3527980053827,23468291179.77
2024-08-09,2599.598584424066,17907141655.34
2024-08-10,2610.022847726362,9361014219.03
2024-08-11,2553.252240415019,13595441987.08
2024-08-12,2724.431859432355,21653090666.23
2024-08-13,2703.6718464697283,16383053029.1
2024-08-14,2662.9147908129853,15825365408.17
2024-08-15,2570.0877300656134,16345801911.57
2024-08-16,2593.1864428140025,13275561554.78
2024-08-17,2614.5467678717355,6676568717.06
2024-08-18,2613.3571785325544,9207267414.64
2024-08-19,2637.3062899277625,11968963281.7
2024-08-20,2573.1068581157765,13249483464.46
2024-08-21,2631.3956043098547,12766015262.73
2024-08-22,2622.9513546562184,10723280428.12
2024-08-23,2764.4471033000377,16857181969.5
2024-08-24,2769.3897324902605,11765811306.84
2024-08-25,2749.157667087471,9375535538.7
2024-08-26,2681.340514360508,12282035835.37
2024-08-27,2458.726473071579,18028996055.96
2024-08-28,2528.4155040439578,20359545410.33
2024-08-29,2528.792714705235,13946434276.5
2024-08-30,2525.821919128401,15526218254.52
2024-08-31,2513.393740097146,6646876012.61
2024-09-01,2427.9022806575135,11800443264.94
2024-09-02,2538.187375595621,12520444223.77
2024-09-03,2420.6036437949692,11406800196.88
2024-09-04,2448.976963362958,16709600746.79
2024-09-05,2367.737574088555,13632325040.12
2024-09-06,2223.8765008292503,25825618366.79
2024-09-07,2274.1070647398233,11124608320.4
2024-09-08,2297.2928618415845,10718443486.76
2024-09-09,2358.482196575288,15887712451.2
2024-09-10,2389.5809379648063,12795818970.29
2024-09-11,2339.841565359957,15355180967.19
2024-09-12,2361.7816231563206,12162634681.3
2024-09-13,2441.6072730055253,13759640866.1
2024-09-14,2418.5957742924156,8170291679.8
2024-09-15,2320.8972417265804,10155470375.43
2024-09-16,2295.283774629411,16819033263.42
2024-09-17,2341.707762855066,15356783862.9
2024-09-18,2369.7290255543166,18159056421.8
2024-09-19,2464.7521329287024,18437147348.52
2024-09-20,2561.072001704022,19112788620.13
2024-09-21,2615.8571459406203,10797825021.27
2024-09-22,2582.8624763882867,13180663010.53
2024-09-23,2648.5464300632448,19912841455.92
2024-09-24,2654.3549330008336,16658812502.52
2024-09-25,2579.3885693151037,14119729961.63
2024-09-26,2632.1999118006756,17336033594.71
2024-09-27,2695.900596305434,17023020294.14
2024-09-28,2677.5391024938076,10252590558.91
2024-09-29,2659.346847814878,11126215670.66
2024-09-30,2603.062688440179,17826446788.58
2024-10-01,2448.9211886564203,25482371784.59
2024-10-02,2365.2317288844133,20148256471.74
2024-10-03,2349.791191279761,18051447791.36
2024-10-04,2414.793938707096,14879264082.24
2024-10-05,2415.6318483541395,8152969183.08
2024-10-06,2439.9578014550557,8458690205.43
2024-10-07,2421.7967510958692,17414044415.67
2024-10-08,2439.8409399284214,14067361080.08
2024-10-09,2368.2835389024135,14954047093.24
2024-10-10,2383.857844087817,15327769939.94
2024-10-11,2436.5134816703667,13489061564.18
2024-10-12,2476.5231023831097,9372169184.29
2024-10-13,2467.6769628968855,9189490605.0
2024-10-14,2628.8998971243523,21434687898.33
2024-10-15,2606.021868750008,22003780897.77
2024-10-16,2611.1020157232388,17012396419.08
2024-10-17,2604.273474850336,15150712320.87
2024-10-18,2641.552285958632,17043738651.75
2024-10-19,2648.6568927929347,8557834552.93
2024-10-20,2746.363993205702,14559296241.72
2024-10-21,2665.7120469234915,17328615363.41
2024-10-22,2620.197577366708,15541911074.4
2024-10-23,2509.098784785675,17876984551.04
2024-10-24,2534.4986484848637,16128627601.19
2024-10-25,2435.933985808962,22560233078.41
2024-10-26,2479.6032088937095,13597102184.02
2024-10-27,2505.940663599335,9801434565.59
2024-10-28,2565.348032836983,18971841402.4
2024-10-29,2637.9575809217313,22185845094.5
2024-10-30,2657.3725569812946,22382690746.47
2024-10-31,2515.79922160155,19760409505.25
2024-11-01,2511.885547973227,20215438327.89
2024-11-02,2491.068591281546,9639457439.24
2024-11-03,2456.4251725634354,15667779705.57
2024-11-04,2397.0264584850042,17110200696.29
2024-11-05,2422.650730094493,17894057485.17
2024-11-06,2724.1691663972156,41887574364.09
2024-11-07,2895.5854943256168,35352318437.59
2024-11-08,2962.2967416902848,32303261100.85
2024-11-09,3131.1444628131676,29210133087.6
2024-11-10,3191.3313560604315,47418730186.93
2024-11-11,3374.812883690286,55417771667.84
2024-11-12,3246.2572583492706,56686078065.75
2024-11-13,3192.5960434936787,52010205682.0
2024-11-14,3058.948768721838,35743352141.2
2024-11-15,3103.0404086342287,32701369871.66
2024-11-16,3133.273827767825,26650658846.15
2024-11-17,3075.6615116227917,28348163224.27
2024-11-18,3207.856340470374,35445557613.31
2024-11-19,3111.3839903555354,29823634431.84
2024-11-20,3072.1879396183867,29785491216.06
2024-11-21,3361.0539269185324,51619069348.12
2024-11-22,3331.6008755241055,36775716441.96
2024-11-23,3396.2234332679345,38835184688.02
2024-11-24,3363.659892829726,27901454184.8
2024-11-25,3413.5439002968155,51544793987.91
2024-11-26,3326.5174096597443,39902959158.05
2024-11-27,3657.2493022442545,43383987190.82
2024-11-28,3579.811477037082,32362724275.81
2024-11-29,3593.49430014104,27622629485.66
2024-11-30,3705.705201521364,30670867436.45
2024-12-01,3711.16509555098,28018113529.8
2024-12-02,3644.1985794336892,47284967569.82
2024-12-03,3620.7116867754785,36839829741.64
2024-12-04,3841.3311664084295,56799745752.06
2024-12-05,3811.0082524796144,60568296605.67
2024-12-06,4005.810542665524,52853668565.95
2024-12-07,4002.6927008412745,22574636760.61
2024-12-08,4005.7045763054543,20943378971.28
2024-12-09,3718.6904564264996,57029832059.49
2024-12-10,3631.8336303022206,58416417598.82
2024-12-11,3832.8220476388187,35968053195.9
2024-12-12,3883.101500139051,42971675763.7
2024-12-13,3911.2052321329284,34895127658.57
2024-12-14,3868.405222283622,28756190558.96
2024-12-15,3951.941140084931,25069616984.25
2024-12-16,3987.481041428162,46536359669.05
2024-12-17,3886.7660426367947,35418700472.09
2024-12-18,3618.791373608634,48946681636.27
2024-12-19,3417.9278681824526,58879190249.81
2024-12-20,3472.5534066558157,66383827228.93
2024-12-21,3337.222471533384,31579389835.69
2024-12-22,3277.53518757096,24780768375.24
2024-12-23,3415.7854103168947,34496081389.08
2024-12-24,3492.049759715506,23083678195.36
2024-12-25,3493.2352807716065,17651873224.87
2024-12-26,3331.2258824951145,22247726776.29
2024-12-27,3328.9168712443015,24091627402.5
2024-12-28,3397.9022728879845,14305648522.6
2024-12-29,3349.5133403179884,13440907791.52
2024-12-30,3356.3926991903863,26981583962.32
2024-12-31,3332.531721223191,20845452085.23
2025-01-01,3353.5041743826614,14195410493.37
2025-01-02,3451.3926926646604,22243574697.77
2025-01-03,3605.009658334789,21877299254.73
2025-01-04,3657.7066852496414,16060610758.64
2025-01-05,3634.103663033134,12830306907.97
2025-01-06,3688.611339500046,23973574043.13
2025-01-07,3381.5773155737256,32235312545.23
2025-01-08,3326.329276028436,34337730881.99
2025-01-09,3219.4307348981347,28815726275.84
2025-01-10,3267.4900400931956,26503845189.53
2025-01-11,3282.2177217399,11772144560.87
2025-01-12,3265.9511514899295,11647743556.47
2025-01-13,3135.4997200988996,39911742769.2
2025-01-14,3223.6846292977907,22847737223.63
2025-01-15,3450.537612369341,25991614660.71
2025-01-16,3308.345269044053,26395516474.98
2025-01-17,3474.1072756489866,28200207229.11
2025-01-18,3305.7895906773174,32420094038.2
2025-01-19,3208.964374357288,57242875398.88
2025-01-20,3278.0353650872516,52383187335.91
2025-01-21,3327.4062612887355,32804001145.6
2025-01-22,3240.2245269346254,22171220980.66
2025-01-23,3334.7142017869046,32419520084.49
2025-01-24,3309.554998791977,25578325670.73
2025-01-25,3317.269505765846,13744316078.39
2025-01-26,3236.134183084221,14471528756.78
2025-01-27,3178.9205191584338,39412486481.55
2025-01-28,3077.1126333315083,20718206193.57
2025-01-29,3112.998910373953,22727786058.31
2025-01-30,3247.779951350258,19958405782.39
2025-01-31,3298.2651884844045,30128115902.13
2025-02-01,3118.3286253641377,19917507078.5
2025-02-02,2868.69286842435,42060930305.44
2025-02-03,2884.5666311078244,92453553253.49
2025-02-04,2735.0512076664327,48795275984.79
2025-02-05,2787.778969474176,31960764447.39
2025-02-06,2688.4008590971985,29500645692.02
2025-02-07,2622.211177668054,29526663418.39
2025-02-08,2632.308332462963,17059263074.01
2025-02-09,2628.7211134174745,17517088275.7
2025-02-10,2661.1668048351044,19414208112.74
2025-02-11,2602.7820070465436,21156550491.95
2025-02-12,2736.902003646276,26919387954.35
2025-02-13,2675.9025200228525,19481004624.97
2025-02-14,2726.091632415501,17732289901.14
2025-02-15,2693.5597988453346,10803019356.54
2025-02-16,2663.315847939311,10593602116.57
2025-02-17,2743.199749904926,24170425078.31
2025-02-18,2669.338749596232,23004152927.66
2025-02-19,2715.7709077318787,15272401902.95
2025-02-20,2740.3865429062594,15917259320.11
2025-02-21,2659.6555266803693,31441524620.79
2025-02-22,2764.0293093466544,16403164396.91
2025-02-23,2821.3102005203586,20493767269.49
2025-02-24,2513.821193096367,29127380459.41
2025-02-25,2493.592433124027,40044790246.26
2025-02-26,2331.452609402704,28815111322.9
2025-02-27,2305.484393463317,24286213447.07
2025-02-28,2237.9052417046923,35737904666.91
2025-03-01,2216.6433281519153,16135258238.92
2025-03-02,2519.6944727217656,34854193845.11
2025-03-03,2145.5738939222047,31473561910.03
2025-03-04,2170.0151685970445,33935738380.02
2025-03-05,2241.97732188644,22105432726.58
2025-03-06,2202.4768379958255,18509069101.5
2025-03-07,2138.987427308413,22425792863.03
2025-03-08,2201.510221712409,10533204814.2
2025-03-09,2015.509108843449,16103964993.72
2025-03-10,1861.1513909156747,35005066441.55
2025-03-11,1919.8449490468197,30898385862.7
2025-03-12,1908.982685146726,22898872950.77
2025-03-13,1862.9696474371174,17977225564.11
2025-03-14,1909.4675210747478,12122715282.13
2025-03-15,1937.394676617364,6456484590.53
2025-03-16,1887.4350177086044,9292997637.67
2025-03-17,1927.0029027556336,10436892087.1
2025-03-18,1932.543408674385,10170844745.64
2025-03-19,2057.7491339807943,20065206265.54
2025-03-20,1982.0998943118336,13217865781.89
2025-03-21,1964.8474809995218,9708125480.37
2025-03-22,1980.0378088164662,6117036512.34
2025-03-23,2005.2992309005692,7522339706.77
2025-03-24,2077.479064227871,14044912401.69
2025-03-25,2067.7642367491667,11735658914.24
2025-03-26,2009.1893459796145,13178523590.48
2025-03-27,2002.3574362460222,11593274542.56
2025-03-28,1895.5028729189123,18160526497.76
2025-03-29,1827.3203233799109,12194771784.6
2025-03-30,1806.2186461858298,9854857162.01
2025-03-31,1823.4800048351563,15765030938.47
2025-04-01,1905.4914001310678,15001220419.89
2025-04-02,1795.3132055131275,22593742104.01
2025-04-03,1815.63726082617,16450974372.86
2025-04-04,1815.3352305868023,18061720813.64
2025-04-05,1805.9732407072681,6374712478.76
2025-04-06,1576.7280882451055,22154445575.5
2025-04-07,1555.2409524507218,46073959046.97
2025-04-08,1472.5531296150366,21315312919.22
2025-04-09,1668.0400320880874,39252195854.94
2025-04-10,1522.5187737981014,21379604306.72
2025-04-11,1567.1498414993866,14871838812.94
2025-04-12,1643.5285270359589,12110995012.86
2025-04-13,1596.6857525708258,13909890792.14
2025-04-14,1622.769898304752,16518325094.07
2025-04-15,1588.632458492085,13175452875.3
2025-04-16,1578.1053743845728,15339621550.62
2025-04-17,1582.548301614221,11312160795.83
2025-04-18,1588.9246734553847,7123507323.17
2025-04-19,1612.9228087158833,7168138699.95
2025-04-20,1587.514228332595,7642784468.77
2025-04-21,1579.7345559339915,15403785610.72
2025-04-22,1757.331702938773,23747917554.97
2025-04-23,1796.1041889031255,22904644755.89
2025-04-24,1769.8316871227423,15207402758.94
2025-04-25,1786.6344969705542,17459399280.52
2025-04-26,1821.881155883411,11926379866.87
2025-04-27,1792.8650336325288,11321944112.9
2025-04-28,1798.8517797249353,17043640437.12
2025-04-29,1799.1756569894758,14734257744.36
2025-04-30,1793.775362253651,14810431362.32
2025-05-01,1839.2215835715895,15861442721.49
2025-05-02,1842.7078282867417,13570171871.71
2025-05-03,1833.839711560501,8344452620.45
2025-05-04,1808.5942798560745,8918979887.03
2025-05-05,1819.697499804709,11389336488.74
2025-05-06,1815.0874679639649,13206516310.18
2025-05-07,1811.6066452415246,50540755038.65
2025-05-08,2206.514675316527,37777245240.79
2025-05-09,2345.507262167846,43766026875.04
2025-05-10,2582.422704862975,30265913403.28
2025-05-11,2510.2379060470457,26496368543.02
2025-05-12,2496.397688915653,32121858920.52
2025-05-13,2680.1296043759967,33528741589.68
2025-05-14,2610.0631207050446,26602676587.68
2025-05-15,2546.856876753829,26637688883.37
2025-05-16,2536.2975988504727,21298907762.64
2025-05-17,2475.754470149656,18830706229.93
2025-05-18,2498.2335542663022,25005164865.17
2025-05-19,2529.166671660468,27351331811.33
2025-05-20,2524.1732121799428,23453322577.82
2025-05-21,2552.3472007855207,31952904125.33
2025-05-22,2664.1570470922707,26596978352.2
2025-05-23,2526.441981307388,30536501878.09
2025-05-24,2530.646231215863,11380899855.94
2025-05-25,2551.763814843511,14556431364.04
2025-05-26,2564.1384181332282,14936610009.42
2025-05-27,2663.069727064224,26264200535.87
2025-05-28,2682.2128400300962,19087366067.61
