time,MINA,SNX,CELO,GAS,GMT,POLYX,PEOPLE,REQ,YGG,ILV,BNT
2023-05-31,,-0.0002979816,,,,,,,,,
2023-06-01,,-0.0009205718000000001,,,,,,,,,
2023-06-02,,-0.0007709417,,,,,,,,,
2023-06-03,,-0.0004976012,,,,,,,,,
2023-06-04,,-0.0005696698,,,,,,,,,
2023-06-05,,-6.85043e-05,,,,,,,,,
2023-06-06,,-0.002631651,,,,,,,,,
2023-06-07,,-0.0018520786,,,,,,,,,
2023-06-08,,-0.0015768669,,,,,,,,,
2023-06-09,,-0.0011559793,,,,,,,,,
2023-06-10,,-0.0039491562,,,,,,,,,
2023-06-11,,-0.0043096053,,,,,,,,,
2023-06-12,,-0.0036737276,,,,,,,,,
2023-06-13,,-0.003242258,,,,,,,,,
2023-06-14,,-0.002795993,,,,,,,,,
2023-06-15,,-0.0024797081,,,,,,,,,
2023-06-16,,-0.0019390933,,,,,,,,,
2023-06-17,,-0.0026363488,,,,,,,,,
2023-06-18,,-0.0028726397,,,,,,,,,
2023-06-19,,-0.0035906246,,,,,,,,,
2023-06-20,,-0.0044783402,,,,,,,,,
2023-06-21,,-0.0033446385,,,,,,,,,
2023-06-22,,-0.0025769247,,,,,,,,,
2023-06-23,,-0.0020171102,,,,,,,,,
2023-06-24,,-0.0020128089,,,,,,,,,
2023-06-25,,-0.0026420179,,,,,,,,,
2023-06-26,,-0.0023277843,,,,,,,,,
2023-06-27,,-0.0024531498000000002,,,,,,,,,
2023-06-28,,-0.002359979,,,,,,,,,
2023-06-29,,-0.0020038487,,,,,,,,,
2023-06-30,,-0.0031571892,,,,,,,,,
2023-07-01,,0.000714447,,,,,,,,,
2023-07-02,,-6.84977e-05,,,,,,,,,
2023-07-03,,0.0012961518,,,,,,,,,
2023-07-04,,0.0018984895,,,,,,,,,
2023-07-05,,0.0006289909,,,,,,,,,
2023-07-06,,0.00045578460000000003,,,,,,,,,
2023-07-07,,-0.0015151971,,,,,,,,,
2023-07-08,,-0.0021759090999999998,,,,,,,,,
2023-07-09,,-0.0016121881,,,,,,,,,
2023-07-10,,-0.0012184075,,,,,,,,,
2023-07-11,,-0.0015010647000000001,,,,,,,,,
2023-07-12,,-0.0013334282,,,,,,,,,
2023-07-13,,-6.197419999999997e-05,,,,,,,,,
2023-07-14,,0.0025061679,,,,,,,,,
2023-07-15,,-0.0018423352,,,,,,,,,
2023-07-16,,-0.0012630045,,,,,,,,,
2023-07-17,,-0.0007567283,,,,,,,,,
2023-07-18,,0.0003861833,,,,,,,,,
2023-07-19,,0.00022455910000000002,,,,,,,,,
2023-07-20,,-0.00012682609999999997,,,,,,,,,
2023-07-21,,0.0012303901,,,,,,,,,
2023-07-22,,0.0012065873,,,,,,,,,
2023-07-23,,0.0006929818,,,,,,,,,
2023-07-24,,0.0007111833,,,,,,,,,
2023-07-25,,0.0008542101,,,,,,,,,
2023-07-26,,-0.0007826361,,,,,,,,,
2023-07-27,,-0.0001208076,,,,,,,,,
2023-07-28,,-0.0008730753,,,,,,,,,
2023-07-29,,-0.0005795268,,,,,,,,,
2023-07-30,,0.0002257848,,,,,,,,,
2023-07-31,,2.0930700000000006e-05,,,,,,,,,
2023-08-01,,-0.0007881286,,,,,,,,,
2023-08-02,,-0.0008784174,,,,,,,,,
2023-08-03,,-0.0015698981,,,,,,,,,
2023-08-04,,-0.0021124024,,,,,,,,,
2023-08-05,,-0.001483873,,,,,,,,,
2023-08-06,,-0.0006988235,,,,,,,-0.0020537222,,
2023-08-07,,-0.0002123079,,,,,,,-0.014021963699999999,,
2023-08-08,,-0.0009682065,,,,,,,-9.262099999999999e-05,,
2023-08-09,,-0.0001270519,,,,,,,-0.0002835365,,
2023-08-10,,-0.000865982,,,,,,,0.0003107583,,
2023-08-11,,-0.0008772951,,,,,,,0.00011607690000000001,,
2023-08-12,,-0.0010205052,,,,,,,-0.00027632739999999996,,
2023-08-13,,-0.000829669,,,,,,,0.0002553761,,
2023-08-14,,-0.000704117,,,,,,,1.2794200000000007e-05,,
2023-08-15,,-0.0023399795,,,,,,,-0.0006604845,,
2023-08-16,,-0.002085761,,,,,,,0.0002993498,,
2023-08-17,,-0.0026359147000000003,,,,,,,0.00023751030000000002,,
2023-08-18,,-0.0022217294,,,,,,,0.00014105510000000002,,
2023-08-19,,-0.0019037734,,,,,,,-0.0003147512,,
2023-08-20,,-0.0020845686,,,,,,,-0.0001372861,,
2023-08-21,,-0.0021801537,,,,,,,-8.161599999999995e-06,,
2023-08-22,,-0.0027941075,,,,,,,0.0002004792,,
2023-08-23,,-0.0027351909,,,,,,,-9.998769999999998e-05,,
2023-08-24,,-0.0027574219,,,,,,,-0.0007039692,,
2023-08-25,,-0.002413461,,,,,,,-0.0011951969,,
2023-08-26,,-0.0024833737,,,,,,,-0.001698957,,
2023-08-27,,-0.0024952401,,,,,,,-0.0008832112,,
2023-08-28,,-0.0019804704,,,,,,,,,
2023-08-29,,-0.0020263119,,,,,,,,,
2023-08-30,,-0.0019764583,,,,,,,,,
2023-08-31,,-0.0017932771,,,,,,,,,
2023-09-01,,-0.0014606492,,,,,,,,,
2023-09-02,,-0.0012060931,,,,,,,,,
2023-09-03,,-0.0014433854999999999,,,,,,,,,
2023-09-04,,-0.0016905218,,,,,,,,,
2023-09-05,,-0.0002645226,,,,,,,,,
2023-09-06,,-0.005849261,,,,,,,,,
2023-09-07,,-0.006168103800000001,,,,,,,,,
2023-09-08,,-0.0033828491,,,,,,,,,
2023-09-09,,-0.0022136443,,,,,,,,,
2023-09-10,,-0.0043800183,,,,,,,,,
2023-09-11,,-0.0009677829,,,,,,,,,
2023-09-12,,-0.0003661859,,,,,,,,,
2023-09-13,,-0.0006822197,,,,,,,,,
2023-09-14,,-0.0008907927,,,,,,,,,
2023-09-15,,-0.0012948036,,,,,,,,,
2023-09-16,,-0.0004152473,,,,,,,,,
2023-09-17,,-0.0008779925,,,,,,,,,
2023-09-18,,-0.0010881993,,,,,,,,,
2023-09-19,,-0.0009262528,,,,,,,,,
2023-09-20,,-0.0010457289,,,,,,,,,
2023-09-21,,-0.0007648224,,,,,,,,,
2023-09-22,,-0.0009658447,,,,,,,,,
2023-09-23,,-1.866779999999999e-05,,,,,,,,,
2023-09-24,,0.00011566290000000001,,,,,,,,,
2023-09-25,,-0.0004009002,,,,,,,,,
2023-09-26,,-0.0010500852,,,,,,,,,
2023-09-27,,0.00015435219999999998,,,,,,,,,
2023-09-28,,0.0004739861,,,,,,,,,
2023-09-29,,0.0005433678,,,,,,,,,
2023-09-30,,0.00045985670000000005,,,,,,,,,
2023-10-01,,0.0010166394,,,,,,,,,
2023-10-02,,0.00068511,,,,,,,,,
2023-10-03,,-0.00038588,,,,,,,,,
2023-10-04,,-0.0006360445000000001,,,,,,,,,
2023-10-05,,-0.0004201619,,,,,,,,,
2023-10-06,,-0.0006950729,,,,,,,,,
2023-10-07,,-0.0005398703,,,,,,,,,
2023-10-08,,-0.0007729241000000001,,,,,,,,,-0.0144756184
2023-10-09,,-0.0010048716,,,,,,,,,-0.040404821800000004
2023-10-10,,0.0003190172,,,,,,,,,-0.0034304185
2023-10-11,,0.0002602858,,,,,,-0.0411516762,,,-0.0069021622999999995
2023-10-12,,-0.0006377092,,,,,,-0.0174481339,,,-0.0025175911
2023-10-13,,-0.0016932612,,,,,,-0.0008361093,,,-0.001449381
2023-10-14,,-0.0014620419,,,,,,0.00012160800000000003,,,-0.0011928744
2023-10-15,,-0.0007424733,,,,,,0.00012076250000000004,,,-0.0004795001
2023-10-16,,-0.000461726,,,,,,0.000374862,,,-5.928499999999999e-06
2023-10-17,,-0.0010551252,,,,,,0.0011853566,,,-0.0002794723
2023-10-18,,-0.0009054566,,,,,,0.0003982793,,,-0.0002256924
2023-10-19,,-0.0006828044,,,,,,-0.0010481341,,,3.48969e-05
2023-10-20,,-0.0001591635,,,,,,-5.11376e-05,,,0.0002073645
2023-10-21,,-0.0006637816,,,,,,6.93778e-05,,,-0.0002166785
2023-10-22,,-0.0002788913,,,,,,2.309819999999999e-05,,,0.00018663420000000002
2023-10-23,,-0.0001889317,,,,,,-0.0006350314999999999,,,0.00029106010000000003
2023-10-24,-0.0171424663,0.00015907290000000002,,0.0014350622,,0.0038911431999999998,,0.0004741249,,,-7.05241e-05
2023-10-25,-0.0187578224,-0.0002675208,,0.002096982,,-0.0075718796,,0.0010222323,,,-0.00042287360000000003
2023-10-26,-0.0011305023000000001,0.0001897724,,0.0026010945,,-5.1014999999999985e-06,,0.0017371304,,,-1.0941399999999991e-05
2023-10-27,-0.00014236309999999999,0.0003132044,,0.0026829452,,-0.0010889975,,0.0017165065,,,0.0001444336
2023-10-28,0.0003279076,0.00047230300000000003,,-0.00013468790000000002,,-0.0013598977,,0.0009849541,,,0.0002864742
2023-10-29,-0.00010622549999999997,0.0003596482,,0.0019150739,,-0.0028007481,,0.0020865228,,,0.0004156081
2023-10-30,0.0005728731,0.00037203050000000004,,0.0019376823,,-0.008018818,,0.0024155747,,,0.0004514346
2023-10-31,0.000621066,0.0005087898,,0.0019937963,,-0.0285671983,,0.0014662315,,,0.00028173170000000004
2023-11-01,0.0005403463,0.0002982757,,0.0026032138,,-0.00029841730000000003,,0.0013494759,,,0.0002957559
2023-11-02,0.0013688202,0.000878279,,0.0003888537,,0.0021528453999999997,,0.0027248288,,,0.0003536866
2023-11-03,0.0013259991,0.000885498,,-0.0058512762999999995,,0.0015253438,,0.002141913,,,0.00030000000000000003
2023-11-04,0.0018916602,0.0022473312,,-0.0257067961,,0.0018275989,,0.0010739471,,,0.0005488399
2023-11-05,0.0018206947000000001,0.0030496977,,-0.0223454609,,0.0031368776,,0.00025029290000000003,,,0.00091323
2023-11-06,0.0018772719,0.0017324286,,-0.0123893386,,0.0032790913,,0.0020925547,,,0.0010756937
2023-11-07,0.0022389134,0.0004855033,,-0.0028467453,,0.0025767039,,0.0006693071,,,0.001942673
2023-11-08,0.0022896349,0.0005105914,,0.0002445055,,0.0025225107999999998,,0.0012673251,,,0.0020581299
2023-11-09,-0.001866969,0.0008229918,,-0.0095082396,,0.0022247174,,0.0007642632,,,0.002233236
2023-11-10,0.0006185795,0.0003146234,,-0.1455858135,,0.0013867262,,0.0024207245,,,0.0032472026
2023-11-11,0.0016540761,0.0010538166,,-0.0559037864,,0.0022966136,,0.0025688142,,,0.0045525389
2023-11-12,0.0025337527,0.0006143649,,0.0059643362,,0.0018544567,,0.0019849698,,,0.0050860445
2023-11-13,0.0026349318,0.0010731235,,0.0033493074,,0.0022169256,,0.0036667422,,,-0.0024033977
2023-11-14,0.0017799795,-4.695549999999999e-05,,0.0022338386,,0.0011500554,,0.0022287782,,,3.5896900000000005e-05
2023-11-15,0.0007203199,-0.0008892256,,0.0023710014,,0.0016298805,,0.0028431167,,,0.0006310239
2023-11-16,0.001364555,0.0024429908,,0.0027214976,,0.0020700188,,0.0025204077,,,0.000815692
2023-11-17,0.001138745,0.0004925074,,0.0011994278,,0.0008777024,,0.00229707,,0.00037461899999999997,0.0010480115
2023-11-18,0.0005730305,-0.0011847302,,0.0011155825,,8.845280000000001e-05,,0.0007370669000000001,,0.0006169411,0.0007266938
2023-11-19,0.0004284979,0.0007057891,,0.0015694963,,0.0006833454,,0.0008693767,,0.0015377523,0.0001619313
2023-11-20,0.0005644285,0.0028797943,,0.0018452541,,0.001491372,,0.0024267609,,0.0025549943,
2023-11-21,0.000852244,0.0003441709,,0.0013475106,,0.001177907,,0.0014467129999999999,,0.0017798187,
2023-11-22,0.0003623775,5.24595e-05,,0.0008120117,,-0.0002510535,,6.827680000000001e-05,,0.0004955032,
2023-11-23,0.00039474750000000004,0.0006426583,,0.0008259849,,0.0002246379,,0.0001416763,,0.0013064741,
2023-11-24,-1.8399999999999942e-06,-7.305529999999998e-05,,0.00036166890000000003,,0.0006314169,,0.00011868379999999999,,0.0019921622,
2023-11-25,-0.0012388332,-0.0003338372,,0.0010809478,,0.0008207196,,0.000887302,,0.0027341801999999998,
2023-11-26,0.0003630407,-0.000303609,,0.0009805437,7.68863e-05,0.0008616464999999999,,0.0010126059,,0.0020866915,
2023-11-27,0.0005614255,-0.0012208058,,0.0011455032,0.0007152526,0.000775714,,0.0013302357,,5.7731699999999995e-05,
2023-11-28,0.0005229371,-0.0006697787,,0.002095075,8.911940000000001e-05,0.0004111397,,0.0010099591,,0.00048348900000000003,
2023-11-29,0.0003064736,0.0025177361,,0.0023027145,0.0001842749,0.0004627064,,0.0007907133,,0.00010598400000000002,
2023-11-30,0.0002059836,0.0026609808,,0.0026017438,0.000261879,0.0008607572,,0.0009971302,,-0.0012004101,
2023-12-01,-0.0005386311,0.0021814797,,0.0025202523,0.0001138356,0.0011511283,,0.0005635261,,-0.0014543822,
2023-12-02,2.749250000000001e-05,0.0035088528,,0.0025948807,0.0004425693,0.0015485223,,0.0007983861,,0.0003514466,
2023-12-03,0.0001710133,0.0029137116,,0.0028873597999999998,0.0007341956,0.0019681810000000003,,0.0016321387,,0.0022943537,
2023-12-04,0.0015305765,0.002554508,,0.0032644928,0.0016549727,0.0034688332,,0.0013812796,,0.0041873216,
2023-12-05,0.0028223359,0.0022066876,,0.0019110065,0.0012685624000000001,0.0011106472,,0.0004804346,,0.0035523848,
2023-12-06,0.0021127349,0.0034694337,,0.0017656152,0.0020665222,,,0.0002056062,,0.0033712725,
2023-12-07,0.0024219277999999998,0.0025093213,,0.0015375633,0.001820738,,,0.00012004520000000002,,0.0028859268,
2023-12-08,0.00388489,0.0037636201,,0.002192611,0.0020975728,,,0.0011592742,,0.0045363254,
2023-12-09,0.0050138742,0.0034842774,,0.002267071,0.0030966924,,,0.0011403095000000001,,0.0046348814,
2023-12-10,0.0034223863,0.0024626355,,0.0017723612000000001,0.0021135129,,,0.0003956923,,0.0013769711,
2023-12-11,0.0032999428,0.0029691841,,-9.717639999999995e-05,0.0002879561,,,0.0004083607,,-0.0003000563,
2023-12-12,0.0026849077,0.003120056,,0.0006200927,0.0003937951,,,0.0002608655,,0.0004616298,
2023-12-13,0.0012703618,0.0024831063000000002,,0.001482463,0.0011575193,,,4.9933100000000005e-05,,0.0007644408,
2023-12-14,0.0014639049,0.0022771193,,0.001832896,0.0013024184,,,,,0.0010414859999999999,
2023-12-15,0.0026117711,0.0018618523,,0.0021661829,0.0018019932,,,,,0.0021002824,
2023-12-16,0.0024557461,0.002657581,,0.0013160111,0.0015511751,,,,,0.0010547224,
2023-12-17,0.0026113494,-8.33301e-05,,0.0013786919,0.0007948698,,,,,0.0005704852,
2023-12-18,0.0017361253,0.0012112452000000002,,0.00105713,,,,,,0.0010615171,
2023-12-19,0.000867514,0.0013547937,,0.0010384582,,,,,,0.0011421398,
2023-12-20,0.0035167527,0.001041044,,0.0015049262,,,,,,0.0011977331000000001,
2023-12-21,0.001387655,0.0037860613,,0.001986359,,,,,,0.0021014381,
2023-12-22,0.0017531808,0.0004357029,,0.0021715081,,,,,,0.0023708353,
2023-12-23,0.0031036371,0.0040727608,,0.0024909133,,,,,,0.0008769056000000001,
2023-12-24,0.0083519674,0.0014909646,,0.002276281,,,,,,0.0015105067,
2023-12-25,0.0065868833,0.000269231,,0.002074886,,,,,,0.0038455421,
2023-12-26,0.0028999331,0.0024295671,,0.0021131263,,,,,,0.0025309348,
2023-12-27,0.0079868331,0.0010838532000000001,,0.0017797173,,,,,,0.0016164878,
2023-12-28,0.0048983489,0.0055468738,,0.0023922616,,,,,,0.0017635789,
2023-12-29,0.0039200664,0.002271411,,0.0022661654,,,,,,0.0025107675,
2023-12-30,0.0040282524,0.0030263329,,0.0013682149,,,,,,0.0028215908,
2023-12-31,0.0049309639,0.0028531788,,0.001272288,,,,,,0.0021286,
2024-01-01,0.0070266031,0.0024439183,,0.0013851179,,,,,,0.0019322402,
2024-01-02,0.0049205057,0.0036267407,,0.0023119518,,,,,,0.0021131469,
2024-01-03,0.0023071051,0.0016984911,,0.0012305554,,,5.0918900000000005e-05,,,0.0008797493,
2024-01-04,0.0010599189,0.00030000000000000003,,0.0004231452,,,-0.0002641351,,,0.0003377883,
2024-01-05,0.0007716602,0.00027114340000000003,,0.0004104291,,,0.0002226015,,,0.0003288933,
2024-01-06,0.0013021489,-0.00039799439999999996,,0.0007279714,,,0.000318385,,,0.0002770489,
2024-01-07,0.0019332404,0.0002781796,,0.0006014621,,,0.0004513944,,,4.25667e-05,
2024-01-08,-0.0005110606,0.0002610338,,0.0003519265,,,0.0008513613999999999,,,-0.000347419,
2024-01-09,0.0013633943,0.0003044262,,0.0003056382,,,0.00024220950000000002,,,6.46958e-05,
2024-01-10,0.0024856072,0.00031433110000000003,,0.0003903331,,,0.00030000000000000003,,,0.00019156890000000002,
2024-01-11,0.00138089,0.0005266837,,0.0004099046,,,0.0003792116,,,0.0006087113,
2024-01-12,0.0012494185,0.0007447752,,0.00045680439999999997,,,0.0008257145,,,0.0014146449,
2024-01-13,0.0007851359,0.00030000000000000003,,0.0004190456,,,0.0003959398,,,0.0002668524,
2024-01-14,0.0014551192,0.00030000000000000003,,0.00030000000000000003,,,0.00030000000000000003,,,0.0004346469,
2024-01-15,0.0015476365,0.0003703782,,0.00030000000000000003,,,0.00030000000000000003,,,0.0012482425,
2024-01-16,0.0009714461,0.00030515610000000004,,0.00030000000000000003,,,0.00030000000000000003,,,0.0012790512,
2024-01-17,0.0012132264,0.00030000000000000003,,0.00030000000000000003,,,0.00030495690000000003,,,0.0003769091,
2024-01-18,0.0011595276,0.00030000000000000003,,0.0002937009,,,0.0003170967,,,0.0006200741,
2024-01-19,0.0006120248,0.00025609,,0.0002256794,,,0.0003137672,,,0.0001770833,
2024-01-20,0.0009080488,0.0002514304,,0.0016049384000000001,,,0.00035197930000000003,,,,
2024-01-21,0.0009719783,0.00013652180000000002,,-0.00010427220000000002,,,0.0003265952,,,,
2024-01-22,0.0005780388,4.664900000000001e-05,,0.00018388220000000003,,,0.00036263910000000003,,,,
2024-01-23,0.0011940155,1.1802800000000007e-05,,0.0003212302,,,0.0003159633,,,,
2024-01-24,0.0013424347,0.00030000000000000003,,0.00030000000000000003,,,0.00030000000000000003,,,,
2024-01-25,0.0006103182000000001,0.00030000000000000003,,0.00030000000000000003,,,0.0003272395,,,,
2024-01-26,0.0003448236,0.00030000000000000003,,0.0003369626,,,0.0003517921,,,,
2024-01-27,0.0005628922,0.00030000000000000003,,0.0004854442,,,0.00030848970000000003,,,,
2024-01-28,0.0007296222,0.00030000000000000003,,0.0011272854,,,0.00030000000000000003,,,,
2024-01-29,0.000884069,0.00030000000000000003,,0.0005083647,,,0.00030000000000000003,,,,
2024-01-30,0.0005039511,0.0003306117,,0.0005287431,,,0.0003118188,,,,
2024-01-31,0.00030000000000000003,0.00030000000000000003,,0.0001709946,,,0.00030000000000000003,,,,
2024-02-01,0.0002607048,0.00028697250000000004,,0.00030000000000000003,,,0.0003833628,,,,
2024-02-02,0.00030000000000000003,0.00030000000000000003,,0.00030000000000000003,,,0.00030000000000000003,,,,
2024-02-03,0.00035475670000000004,0.00030000000000000003,,0.00030000000000000003,,,0.00030000000000000003,,,,
2024-02-04,0.0005677573,0.0003511801,,0.0003161884,,,0.001331806,,,,
2024-02-05,0.0012126604,0.0005237913,,0.00017141700000000002,,,0.00030000000000000003,,,,
2024-02-06,0.0014415152,0.00030000000000000003,,0.000204706,,,0.00030000000000000003,,,,
2024-02-07,0.0028143405,0.0003120791,,0.0002987875,,,0.00030000000000000003,,,,
2024-02-08,0.0009024129,0.00030000000000000003,,0.00030000000000000003,,,0.00030000000000000003,,,,
2024-02-09,0.0017882815,0.0002195141,,0.00032605860000000004,,,0.00030000000000000003,,,,
2024-02-10,0.0024769951,0.00040760460000000004,,0.0005368253,,,0.00032165540000000004,,,,
2024-02-11,0.0010535306,0.0011403899,,0.0011988595,,,0.0004370577,,,,
2024-02-12,0.0012283982,0.00023944410000000001,,0.0008791138,,,0.0009391441,,,,
2024-02-13,0.0032609573,5.9496400000000015e-05,,0.0021355354,,,0.0020609746,,,,
2024-02-14,0.0049128538,0.0005874697,,0.0029226244,,,0.0015089301,,,,
2024-02-15,0.0026596262,0.0003027406,,0.0017041731,,,,,,,
2024-02-16,0.0017112340999999999,0.0005487923,,0.0016258676,,,,,,,
2024-02-17,0.0018336441,0.0020179796000000002,,0.0017055117,,,,,,,
2024-02-18,0.0032330715,0.0017581349,,0.0021775363,,,,,,,
2024-02-19,0.0033784703,0.0019981502000000003,,0.0022512121,,,,,,,
2024-02-20,0.0015544808,0.0011482077,,0.0017480254,,,,,,,
2024-02-21,0.0007765797,0.0004033765,,0.0007418325,,,,,,,
2024-02-22,0.0013217415,0.0003314217,,0.001033739,,,,,,,
2024-02-23,0.0019606642,0.0007313855,,0.0011962649,,,,,,,
2024-02-24,0.0010857611,0.0007357464,,0.0003507277,,,,,,,
2024-02-25,0.0028504423,0.0009074943,,0.0010854417,,,,,,,
2024-02-26,0.0021152189,0.0008558855,,0.0013104898,,,,,,,
2024-02-27,0.0023635383,0.0017560024,,0.0014938284000000001,,,,,,,
2024-02-28,0.0030489405,0.0014948603,,0.0012506842,,,,,,,
2024-02-29,0.0034971941,0.0020589859,,0.0015542112999999999,,,,,,,
2024-03-01,0.0033396142,0.0014677522,,0.0011400285,,,,,,,
2024-03-02,0.004726694,0.0025047598,,0.0015153055,,,,,,,
2024-03-03,0.0034649703,0.0027680928,,0.0015566464,,,,,,,
2024-03-04,0.0028895956,0.0016440622,,0.0009542435,,,,,,,
2024-03-05,0.0042914303,0.0019123501,,0.0015884138,,,,,,,
2024-03-06,0.00148296,0.0008248713,,0.0003834871,,,,,,,
2024-03-07,0.0025790278,0.0012672687,,0.0005989623000000001,,,,,,,
2024-03-08,0.003806959,0.0030383358,,0.0011191843,,,,,,,
2024-03-09,0.0041614953,0.0039535497,,0.0013957012,,,,,,,
2024-03-10,0.0053856777,0.0026447934,,0.0010423989,,,,,,,
2024-03-11,0.0046750055,0.001982874,,0.0008696807,,,,,,,
2024-03-12,0.0024117327,0.0038096,,0.0009015588000000001,,,,,,,
2024-03-13,0.0023145875,0.0054743887,,0.0007418496,,,,,,,
2024-03-14,0.00346654,0.0046761239,,0.0007675604000000001,,,,,,,
2024-03-15,0.0009928157,0.0021533977,,0.0004121075,,,,,,,
2024-03-16,0.00030000000000000003,0.0017718173,,0.000342103,,,,,,,
2024-03-17,0.00030000000000000003,0.0021391513,,0.0003201073,,,,,,,
2024-03-18,0.0003198872,0.0018256648,,0.0001375,,,,,,,
2024-03-19,0.00035321070000000004,0.0006049363,,,,,,,,,
2024-03-20,0.0004032296,0.0004014367,,,,,,,,,
2024-03-21,0.000362688,0.0011752238,,,,,,,,,
2024-03-22,0.0003746878,0.0029681271,,,,,,,,,
2024-03-23,0.000358502,0.0030053938,,,,,,,,,
2024-03-24,0.00033236100000000004,0.0028159743,,,,,,,,,
2024-03-25,0.0005811893000000001,0.0017729493000000001,,,,,,,,,
2024-03-26,0.0017208053999999999,0.0031985168,,,,,,,,,
2024-03-27,0.0016883365,0.0026137237,,,,,,,,,
2024-03-28,0.0019483134,0.0020753312,,,,,,,,,
2024-03-29,0.0019097235,0.0020358852,,,,,,,,,
2024-03-30,0.0024819864,0.0017978422,,,,,,,,,
2024-03-31,0.0025223519,0.0024026629,,,,,,,,,
2024-04-01,0.0018600621,0.0025445748,,,,,,,,,
2024-04-02,0.0007408191,0.0010117066,,,,,,,,,
2024-04-03,0.0005263775,0.0010341622,,,,,,,,,
2024-04-04,0.0003954769,0.0006698791,,,,,,,,,
2024-04-05,0.0007794903,0.0005481467,,,,,,,,,
2024-04-06,0.0007894299,0.001435791,,,,,,,,,
2024-04-07,0.0004793906,0.0011339888,,,,,,,,,
2024-04-08,0.00069581,0.0013989466,,,,,,,,,
2024-04-09,0.0010391068,0.0009128436,,,,,,,,,
2024-04-10,0.0005923859,0.0003594688,,,,,,,,,
2024-04-11,0.0006353703,0.0004254922,,,,,,,,,
2024-04-12,0.0006188118,3.2039000000000016e-05,,,,,,,,,
2024-04-13,0.0002908262,-0.00013247739999999999,,,,,,,,,
2024-04-14,0.0002699703,0.0001299335,,,,,,,,,
2024-04-15,0.000296174,2.7023300000000006e-05,,,,,,,,,
2024-04-16,0.0002762055,0.00020557920000000002,,,,,,,,,
2024-04-17,0.0002988857,0.00014431520000000002,,,,,,,,,
2024-04-18,0.00030000000000000003,0.0001823099,,,,,,,,,
2024-04-19,0.0002695303,0.0001799785,,,,,,,,,
2024-04-20,0.0002639656,0.00030000000000000003,,,,,,,,,
2024-04-21,0.0002975028,0.0002679593,,,,,,,,,
2024-04-22,0.0001962037,0.0007353538000000001,,,,,,,,,
2024-04-23,0.0002978569,0.0009016121,,,,,,,,,
2024-04-24,0.0001350441,0.0002948908,,,,,,,,,
2024-04-25,0.00030000000000000003,0.0002672961,,,,,,,,,
2024-04-26,0.0002989536,0.00030000000000000003,,,,,,,,,
2024-04-27,0.0002929985,0.00030000000000000003,,,,,,,,,
2024-04-28,0.00030000000000000003,0.00030000000000000003,,,,,,,,,
2024-04-29,0.00029114930000000003,0.000291829,,,,,,,,,
2024-04-30,0.0002561112,0.0002900023,,,,,,,,,
2024-05-01,0.00021558120000000002,0.0001047503,,,,,,,,,
2024-05-02,0.00027223380000000004,0.0002832956,,,,,,,,,
2024-05-03,0.00022267590000000001,0.00030000000000000003,,,,,,,,,
2024-05-04,0.00027398580000000003,0.00030000000000000003,,,,,,,,,
2024-05-05,0.00030000000000000003,0.000258343,,,,,,,,,
2024-05-06,0.00030000000000000003,0.0002190421,,,,,,,,,
2024-05-07,0.0002707221,0.0001794597,,,,,,,,,
2024-05-08,0.00018294720000000002,0.00030000000000000003,,,,,,,,,
2024-05-09,0.00023653940000000002,0.00030000000000000003,,,,,,,,,
2024-05-10,0.0002818047,0.00030000000000000003,,,,,,,,,
2024-05-11,0.0002623371,0.00030000000000000003,,,,,,,,,
2024-05-12,0.00030000000000000003,0.00030000000000000003,,,,,,,,,
2024-05-13,0.00030000000000000003,0.0002713446,,,,,,,,,
2024-05-14,0.00030000000000000003,9.31851e-05,,,,,,,,,
2024-05-15,0.00030000000000000003,-3.415419999999999e-05,,,,,,,,,
2024-05-16,0.00030000000000000003,0.00030000000000000003,,,,,,,,,
2024-05-17,0.00030000000000000003,0.00030000000000000003,,,,,,,,,
2024-05-18,0.00030000000000000003,0.00030000000000000003,,,,,,,,,
2024-05-19,0.00030000000000000003,0.00030000000000000003,,,,,,,,,
2024-05-20,0.00030000000000000003,0.00030000000000000003,,,,,,,,,
2024-05-21,0.0010005913,0.00030000000000000003,,,,,,,,,
2024-05-22,0.0003304938,0.00030000000000000003,,,,,,,,,
2024-05-23,0.0003222286,0.00030000000000000003,,,,,,,,,
2024-05-24,0.0022410619,0.00030972570000000003,,,,,,,,,
2024-05-25,0.0010991256,0.0004949893,,,,,,,,,
2024-05-26,0.0002677073,0.00030000000000000003,,,,,,,,,
2024-05-27,0.00030000000000000003,0.0006781156,,,,,,,,,
2024-05-28,0.00030000000000000003,0.00034854840000000004,,,,,,,,,
2024-05-29,0.00030000000000000003,0.0003955111,,,,,,,,,
2024-05-30,0.0003173394,0.0003354117,,,,,,,,,
2024-05-31,0.00030000000000000003,0.00040162410000000004,,,,,,,,,
2024-06-01,0.00030000000000000003,0.0005311894,,,,,,,,,
2024-06-02,0.00030000000000000003,0.0003555461,,,,,,,,,
2024-06-03,0.00030000000000000003,0.00030000000000000003,,,,,,,,,
2024-06-04,0.00030000000000000003,0.00030000000000000003,,,,,,,,,
2024-06-05,0.00030000000000000003,0.0003357242,,,,,,,,,
2024-06-06,0.00030000000000000003,0.00030273480000000003,,,,,,,,,
2024-06-07,0.00030000000000000003,0.0003777589,,,,,,,,,
2024-06-08,0.0001452715,0.00030000000000000003,,,,,,,,,
2024-06-09,-0.0004464453,0.00030000000000000003,,,,,,,,,
2024-06-10,0.0002181181,0.00030000000000000003,,,,,,,,,
2024-06-11,0.00016807670000000002,0.00030000000000000003,,,,,,,,,
2024-06-12,-0.0001728529,0.00030000000000000003,,,,,,,,,
2024-06-13,2.4087300000000002e-05,0.00030000000000000003,,,,,,,,,
2024-06-14,-0.000178347,0.00030000000000000003,,,,,,,,,
2024-06-15,-0.0005682173,0.00030000000000000003,,,,,,,,,
2024-06-16,-0.0005299114999999999,0.00030000000000000003,,,,,,,,,
2024-06-17,-0.0002801183,0.00030000000000000003,,,,,,,,,
2024-06-18,-0.000586816,0.0002907345,,,,,,,,,
2024-06-19,-0.0002239287,0.0002943423,,,,,,,,,
2024-06-20,0.0005775218000000001,0.00030000000000000003,,,,,,,,,
2024-06-21,0.0001028323,0.00030000000000000003,,,,,,,,,
2024-06-22,-0.0006478842,0.00030000000000000003,,,,,,,,,
2024-06-23,-0.00045038559999999997,0.00030000000000000003,,,,,,,,,
2024-06-24,-0.0005483684,0.00030000000000000003,,,,,,,,,
2024-06-25,-0.0005257767,0.00030000000000000003,,,,,,,,,
2024-06-26,-0.0001477184,0.00030000000000000003,,,,,,,,,
2024-06-27,4.26046e-05,0.00030000000000000003,,,,,,,,,
2024-06-28,0.000184648,0.00030000000000000003,,,,,,,,,
2024-06-29,2.0898800000000004e-05,0.0002889999,,,,,,,,,
2024-06-30,-0.0003715626,0.0002942573,,,,,,,,,
2024-07-01,3.0761100000000006e-05,0.00030000000000000003,,,,,,,,,
2024-07-02,3.157110000000001e-05,0.00030000000000000003,,,,,,,,,
2024-07-03,1.1405899999999999e-05,0.00030000000000000003,,,,,,,,,
2024-07-04,-0.00031044629999999997,0.00030000000000000003,,,,,,,,,
2024-07-05,-1.1000399999999987e-05,0.0002611158,,,,,,,,,
2024-07-06,3.839700000000013e-06,0.00030000000000000003,,,,,,,,,
2024-07-07,0.0002839937,0.00030000000000000003,,,,,,,,,
2024-07-08,0.000288237,0.00022377020000000002,,,,,,,,,
2024-07-09,0.0001714544,0.00030000000000000003,,,,,,,,,
2024-07-10,0.0001398993,0.00030000000000000003,,,,,,,,,
2024-07-11,0.00017980600000000002,0.00030000000000000003,,,,,,,,,
2024-07-12,0.00019796630000000002,0.00030000000000000003,,,,,,,,,
2024-07-13,0.0001322371,0.00030000000000000003,,,,,,,,,
2024-07-14,-7.53063e-05,0.00030000000000000003,,,,,,,,,
2024-07-15,-3.957519999999999e-05,0.00030000000000000003,,,,,,,,,
2024-07-16,0.00016633130000000002,0.00030000000000000003,,,,,,,,,
2024-07-17,0.0002509375,0.00030000000000000003,,,,,,,,,
2024-07-18,0.00012109620000000001,0.00030000000000000003,,,,,,,,,
2024-07-19,5.057830000000001e-05,0.00030000000000000003,,,,,,,,,
2024-07-20,3.08893e-05,0.00030000000000000003,,,,,,,,,
2024-07-21,9.682130000000001e-05,0.00030000000000000003,,,,,,,,,
2024-07-22,0.00019937090000000002,0.00030000000000000003,,,,,,,,,
2024-07-23,0.0001783382,0.00030000000000000003,,,,,,,,,
2024-07-24,5.05588e-05,0.00030000000000000003,,,,,,,,,
2024-07-25,0.0002589959,0.00030000000000000003,,,,,,,,,
2024-07-26,6.76195e-05,0.00030000000000000003,,,,,,,,,
2024-07-27,0.0001318748,0.00030000000000000003,,,,,,,,,
2024-07-28,0.0002498301,0.00030000000000000003,,,,,,,,,
2024-07-29,0.00018868500000000001,0.00030000000000000003,,,,,,,,,
2024-07-30,0.0002322369,0.00030000000000000003,,,,,,,,,
2024-07-31,0.00030000000000000003,0.00030000000000000003,,,,,,,,,
2024-08-01,0.0002840529,0.00030000000000000003,,,,,,,,,
2024-08-02,0.0002389864,0.00030000000000000003,,,,,,,,,
2024-08-03,0.00025318410000000003,0.00030000000000000003,,,,,,,,,
2024-08-04,-3.98154e-05,0.00023333150000000001,,,,,,,,,
2024-08-05,-3.73308e-05,-0.0006503033,,,,,,,,,
2024-08-06,-0.0003107749,0.0002758107,,,,,,,,,
2024-08-07,1.8662700000000014e-05,0.00026254910000000003,,,,,,,,,
2024-08-08,-4.807510000000001e-05,4.5158700000000005e-05,,,,,,,,,
2024-08-09,-0.00020435549999999999,0.0002827932,,,,,,,,,
2024-08-10,-0.00024249059999999998,-0.0005786703,,,,,,,,,
2024-08-11,-2.593229999999999e-05,0.0001685908,,,,,,,,,
2024-08-12,-1.8658999999999968e-06,0.00030000000000000003,,,,,,,,,
2024-08-13,-0.00016057879999999998,0.00030000000000000003,,,,,,,,,
2024-08-14,0.0002760707,0.00030000000000000003,,,,,,,,,
2024-08-15,7.97351e-05,0.0002875,,,,,,,,,
2024-08-16,-6.19521e-05,0.00030000000000000003,,,,,,,,,
2024-08-17,-0.0002067182,0.00030000000000000003,,,,,,,,,
2024-08-18,7.13111e-05,0.00030000000000000003,,,,,,,,,
2024-08-19,-4.900799999999999e-05,0.00030000000000000003,,,,,,,,,
2024-08-20,-5.0796899999999995e-05,0.00030000000000000003,,,,,,,,,
2024-08-21,9.172250000000001e-05,0.00030000000000000003,,,,,,,,,
2024-08-22,0.0002006554,-3.73651e-05,,,,,,,,,
2024-08-23,0.00014835300000000002,0.0001972777,,,,,,,,,
2024-08-24,0.0002918811,0.00030000000000000003,,,,,,,,,
2024-08-25,0.0002414519,0.00030000000000000003,,,,,,,,,
2024-08-26,0.0002354361,0.00030000000000000003,,,,,,,,,
2024-08-27,-0.0002189149,0.00030000000000000003,,,,,,,,,
2024-08-28,0.0002774848,0.000288739,,,,,,,,,
2024-08-29,0.000287722,0.00030000000000000003,,,,,,,,,
2024-08-30,0.0002283811,0.00030000000000000003,,,,,,,,,
2024-08-31,0.0002619522,0.00030000000000000003,,,,,,,,,
2024-09-01,0.00015087150000000002,0.0002850476,,,,,,,,,
2024-09-02,0.0002023048,0.0002988898,,,,,,,,,
2024-09-03,0.0002604675,0.00030000000000000003,,,,,,,,,
2024-09-04,0.0002162544,0.00030000000000000003,,,,,,,,,
2024-09-05,0.0002656661,0.00030000000000000003,,,,,,,,,
2024-09-06,8.729190000000001e-05,0.00030000000000000003,,,,,,,,,
2024-09-07,-2.6472399999999994e-05,0.00030000000000000003,,,,,,,,,
2024-09-08,0.0001233281,0.00030000000000000003,,,,,,,,,
2024-09-09,0.0002027404,0.00030000000000000003,,,,,,,,,
2024-09-10,0.0002582511,0.00030000000000000003,,,,,,,,,
2024-09-11,0.0002796112,0.00030000000000000003,,,,,,,,,
2024-09-12,0.00030000000000000003,0.0002348862,,,,,,,,,
2024-09-13,0.00030000000000000003,0.0002965297,,,,,,,,,
2024-09-14,0.00030000000000000003,0.00030000000000000003,,,,,,,,,
2024-09-15,0.00030000000000000003,0.00030000000000000003,,,,,,,,,
2024-09-16,0.00030000000000000003,0.0002988383,,,,,,,,,
2024-09-17,0.0002749494,0.00030000000000000003,,,,,,,,,
2024-09-18,0.0002881126,0.00030000000000000003,,,,,,,,,
2024-09-19,0.00030000000000000003,0.00030000000000000003,,,,,,,,,
2024-09-20,0.00030000000000000003,0.00030000000000000003,,,,,,,,,
2024-09-21,0.0002752996,0.00030345080000000003,,,,,,,,,
2024-09-22,0.0002750028,0.00030000000000000003,,,,,,,,,
2024-09-23,0.0002517283,0.00030000000000000003,,,,,,,,,
2024-09-24,0.0002654468,0.0005430359,,,,,,,,,
2024-09-25,0.00030000000000000003,0.00040491510000000003,-0.0029543471,,,,,,,,
2024-09-26,0.00030000000000000003,0.00030000000000000003,0.00022273300000000002,,,,,,,,
2024-09-27,0.0003097026,0.00030000000000000003,0.00030000000000000003,,,,,,,,
2024-09-28,0.0003428115,0.0003654906,0.00030000000000000003,,,,,,,,
2024-09-29,0.0003875409,0.00030000000000000003,0.00030000000000000003,,,,,,,,
2024-09-30,0.0005273624,0.00030000000000000003,0.00030000000000000003,,,,,,,,
2024-10-01,0.000620421,0.00031269230000000004,6.1614000000000085e-06,,,,,,,,
2024-10-02,0.00030000000000000003,0.00035676480000000003,0.0001208274,,,,,,,,
2024-10-03,0.00030000000000000003,0.00030000000000000003,0.00022533860000000002,,,,,,,,
2024-10-04,0.00030000000000000003,0.00030000000000000003,0.0002040283,,,,,,,,
2024-10-05,0.00030000000000000003,0.00030000000000000003,-8.812949999999999e-05,,,,,,,,
2024-10-06,0.00030000000000000003,0.00030000000000000003,-0.0002444148,,,,,,,,
2024-10-07,0.00030000000000000003,0.00030000000000000003,9.78056e-05,,,,,,,,
2024-10-08,0.00027118,0.00030000000000000003,2.180130000000001e-05,,,,,,,,
2024-10-09,0.00030000000000000003,0.00030000000000000003,0.0002846208,,,,,,,,
2024-10-10,0.0002756324,-0.00014734139999999997,0.0002604854,,,,,,,,
2024-10-11,0.0002698299,-0.0002054738,0.0002577959,,,,,,,,
2024-10-12,0.0002911511,0.000217468,0.0001058908,,,,,,,,
2024-10-13,-0.00021810369999999998,0.0001276507,0.00022894390000000002,,,,,,,,
2024-10-14,-0.0003615157,0.0002597662,0.0001997969,,,,,,,,
2024-10-15,0.00030000000000000003,0.00030000000000000003,0.00030000000000000003,,,,,,,,
2024-10-16,0.00030000000000000003,0.00030000000000000003,0.00030000000000000003,,,,,,,,
2024-10-17,0.00030000000000000003,0.00030000000000000003,0.00030000000000000003,,,,,,,,
2024-10-18,0.00030000000000000003,0.00030000000000000003,0.00030000000000000003,,,,,,,,
2024-10-19,0.00030000000000000003,3.7500000000000003e-05,0.00030000000000000003,,,,,,,,
2024-10-20,0.00030000000000000003,,0.00030000000000000003,,,,,,,,
2024-10-21,0.0002764681,,0.00030000000000000003,,,,,,,,
2024-10-22,0.00030000000000000003,,0.00030000000000000003,,,,,,,,
2024-10-23,0.00030000000000000003,,0.00030000000000000003,,,,,,,,
2024-10-24,0.00030000000000000003,,0.00030000000000000003,,,,,,,,
2024-10-25,0.00030000000000000003,,0.00030000000000000003,,,,,,,,
2024-10-26,0.00030000000000000003,,0.0001482675,,,,,,,,
2024-10-27,0.0002988409,,9.035800000000006e-06,,,,,,,,
2024-10-28,0.00030000000000000003,,0.000254448,,,,,,,,
2024-10-29,0.00030000000000000003,,0.0002832073,,,,,,,,
2024-10-30,0.00030000000000000003,,0.0002917565,,,,,,,,
2024-10-31,0.00030000000000000003,,0.00030000000000000003,,,,,,,,
2024-11-01,0.00030000000000000003,,0.00030000000000000003,,,,,,,,
2024-11-02,0.00030000000000000003,,0.00030000000000000003,,,,,,,,
2024-11-03,0.00030000000000000003,,0.000297941,,,,,,,,
2024-11-04,0.00030000000000000003,,0.0001476747,,,,,,,,
2024-11-05,0.00030000000000000003,,0.00022293940000000002,,,,,,,,
2024-11-06,0.00030000000000000003,,0.00029224110000000003,,,,,,,,
2024-11-07,0.00030000000000000003,,0.00030000000000000003,,,,,,,,
2024-11-08,0.00046750890000000003,,0.00030000000000000003,,,,,,,,
2024-11-09,0.00045940710000000004,,0.00030000000000000003,,,,,,,,
2024-11-10,0.0012536776000000001,,0.0003170865,,,,,,,,
2024-11-11,0.0015079699,,0.00037433860000000003,,,,,,,,
2024-11-12,0.0016377123,,0.0009549057,,,,,,,,
2024-11-13,0.0009744071,,0.0003426403,,,,,,,,
2024-11-14,0.0010938012,,0.0004024033,,,,,,,,
2024-11-15,0.0008882012,,0.0003292586,,,,,,,,
2024-11-16,0.0018131517,,0.0003876333,,,,,,,,
2024-11-17,0.0018349489,,0.00037403320000000003,,,,,,,,
2024-11-18,0.001348219,,0.000458288,,,,,,,,
2024-11-19,0.001763195,,0.0005111258,,,,,,,,
2024-11-20,0.0004706526,,0.00032633120000000003,,,,,,,,
2024-11-21,0.0003113358,,0.0003160762,,,,,,,,
2024-11-22,0.0005773145000000001,,0.00039001380000000004,,,,,,,,
2024-11-23,0.0007711634,,0.0003644549,,,,,,,,
2024-11-24,0.0005996406999999999,,0.0003549585,,,,,,,,
2024-11-25,0.0003955155,,0.0003287079,,,,,,,,
2024-11-26,0.000557535,,0.00030000000000000003,,,,,,,,
2024-11-27,0.0008719304,,0.0005992077000000001,,,,,,,,
2024-11-28,0.0009171641,,0.0006087939,,,,,,,,
2024-11-29,0.0011190168,,0.0010630654000000001,,,,,,,,
2024-11-30,0.0015111754,,0.0011101278,,,,,,,,
2024-12-01,0.0018006334,,0.0013204171,,,,,,,,
2024-12-02,0.0014583335,,0.001723372,,,,,,,,
2024-12-03,0.0029611661,,0.0027103654,,,,,,,,
2024-12-04,0.0033032146,,0.0042768883,,,,,,,,
2024-12-05,0.0027455358,,0.0048994043,,,,,,,,
2024-12-06,0.0029175088,,0.0040711694,,,,,,,,
2024-12-07,0.0033727765,,0.0046175388,,,,,,,,
2024-12-08,0.003372934,,0.0028308026,,,,,,,,
2024-12-09,0.0020444667000000002,,0.0016045657,,,,,,,,
2024-12-10,0.0003633711,,0.0003114462,,,,,,,,
2024-12-11,0.0003496517,,0.0007802704,,,,,,,,
2024-12-12,0.0003935791,,0.0006890703000000001,,,,,,,,
2024-12-13,0.00030000000000000003,,0.00030000000000000003,,,,,,,,
2024-12-14,0.0003019394,,0.00030000000000000003,,,,,,,,
2024-12-15,0.00030137050000000003,,0.000310662,,,,,,,,
2024-12-16,0.0004659256,,0.0003799222,,,,,,,,
2024-12-17,0.0007354878,,0.0004434071,,,,,,,,
2024-12-18,0.00035166470000000003,,0.00030000000000000003,,,,,,,,
2024-12-19,0.0003028474,,0.00030000000000000003,,,,,,,,
2024-12-20,0.00030000000000000003,,0.00019161270000000002,,,,,,,,
2024-12-21,0.0003160679,,0.000159581,,,,,,,,
2024-12-22,0.00030000000000000003,,-0.000142809,,,,,,,,
2024-12-23,0.00030000000000000003,,0.0001372894,,,,,,,,
2024-12-24,0.00030000000000000003,,-8.344599999999991e-06,,,,,,,,
2024-12-25,0.00030000000000000003,,0.00014203890000000002,,,,,,,,
2024-12-26,0.00030000000000000003,,-0.00019276029999999998,,,,,,,,
2024-12-27,0.00030000000000000003,,-0.0003220418,,,,,,,,
2024-12-28,0.00030000000000000003,,-0.0001956712,,,,,,,,
2024-12-29,0.00030000000000000003,,-2.7504499999999994e-05,,,,,,,,
2024-12-30,0.00030000000000000003,,-0.0002699784,,,,,,,,
2024-12-31,0.00030000000000000003,,-0.0001473695,,,,,,,,
2025-01-01,0.00030000000000000003,,-0.0002012804,,,,,,,,
2025-01-02,0.00030000000000000003,,0.00024290380000000002,,,,,,,,
2025-01-03,0.00030000000000000003,,0.00022263800000000002,,,,,,,,
2025-01-04,0.0003150055,,0.00030000000000000003,,,,,,,,
2025-01-05,0.0003298678,,0.00030000000000000003,,,,,,,,
2025-01-06,0.00033357300000000004,,0.00030000000000000003,,,,,,,,
2025-01-07,0.00030000000000000003,,0.000125,,,,,,,,
2025-01-08,0.00030000000000000003,,,,,,,,,,
2025-01-09,0.00030000000000000003,,,,,,,,,,
2025-01-10,0.00030000000000000003,,,,,,,,,,
2025-01-11,0.00030000000000000003,,,,,,,,,,
2025-01-12,0.00030000000000000003,,,,,,,,,,
2025-01-13,0.00030000000000000003,,,,,,,,,,
2025-01-14,0.00030000000000000003,,,,,,,,,,
2025-01-15,0.00030000000000000003,,,,,,,,,,
2025-01-16,0.00030000000000000003,,,,,,,,,,
2025-01-17,0.0003102506,,,,,,,,,,
2025-01-18,0.0003390921,,,,,,,,,,
2025-01-19,0.0003031503,,,,,,,,,,
2025-01-20,0.00033330160000000003,,,,,,,,,,
2025-01-21,0.00030000000000000003,,,,,,,,,,
2025-01-22,0.00030000000000000003,,,,,,,,,,
2025-01-23,0.00030000000000000003,,,,,,,,,,
2025-01-24,0.00030000000000000003,,,,,,,,,,
2025-01-25,0.00030000000000000003,,,,,,,,,,
2025-01-26,0.00030000000000000003,,,,,,,,,,
2025-01-27,0.00030000000000000003,,,,,,,,,,
2025-01-28,0.00030000000000000003,,,,,,,,,,
2025-01-29,0.00030000000000000003,,,,,,,,,,
2025-01-30,0.00030000000000000003,,,,,,,,,,
2025-01-31,0.00030000000000000003,,,,,,,,,,
2025-02-01,0.00030000000000000003,,,,,,,,,,
2025-02-02,0.00030000000000000003,,,,,,,,,,
2025-02-03,3.970540000000001e-05,,,,,,,,,,
2025-02-04,0.00023536110000000002,,,,,,,,,,
2025-02-05,0.0002864875,,,,,,,,,,
2025-02-06,0.00019563810000000002,,,,,,,,,,
2025-02-07,0.0001694552,,,,,,,,,,
2025-02-08,0.0002577285,,,,,,,,,,
2025-02-09,0.0002896066,,,,,,,,,,
2025-02-10,8.92236e-05,,,,,,,,,,
2025-02-11,-0.0001594226,,,,,,,,,,
2025-02-12,0.0001851015,,,,,,,,,,
2025-02-13,0.0002329544,,,,,,,,,,
2025-02-14,1.8827200000000005e-05,,,,,,,,,,
2025-02-15,0.0002818147,,,,,,,,,,
2025-02-16,0.0002670635,,,,,,,,,,
2025-02-17,5.2321800000000004e-05,,,,,,,,,,
2025-02-18,0.0001281814,,,,,,,,,,
2025-02-19,-0.0001083857,,,,,,,,,,
2025-02-20,0.0002194784,,,,,,,,,,
2025-02-21,0.0002873832,,,,,,,,,,
2025-02-22,0.0002980529,,,,,,,,,,
2025-02-23,0.0002905558,,,,,,,,,,
2025-02-24,0.0002819319,,,,,,,,,,
2025-02-25,0.00011828910000000001,,,,,,,,,,
2025-02-26,0.0001261034,,,,,,,,,,
2025-02-27,0.0002732774,,,,,,,,,,
2025-02-28,0.0002379897,,,,,,,,,,
2025-03-01,0.00030000000000000003,,,,,,,,,,
2025-03-02,0.00030000000000000003,,,,,,,,,,
2025-03-03,0.00029254760000000003,,,,,,,,,,
2025-03-04,0.0002841379,,,,,,,,,,
2025-03-05,0.00030000000000000003,,,,,,,,,,
2025-03-06,0.00030000000000000003,,,,,,,,,,
2025-03-07,0.00030000000000000003,,,,,,,,,,
2025-03-08,0.0002663554,,,,,,,,,,
2025-03-09,0.0002533581,,,,,,,,,,
2025-03-10,9.78815e-05,,,,,,,,,,
2025-03-11,0.00027524440000000004,,,,,,,,,,
2025-03-12,0.0002985237,,,,,,,,,,
2025-03-13,0.0002802532,,,,,,,,,,
2025-03-14,0.00030000000000000003,,,,,,,,,,
2025-03-15,0.0002839375,,,,,,,,,,
2025-03-16,0.0001621776,,,,,,,,,,
2025-03-17,0.00030000000000000003,,,,,,,,,,
2025-03-18,0.0002995694,,,,,,,,,,
2025-03-19,0.00030000000000000003,,,,,,,,,,
2025-03-20,0.00030000000000000003,,,,,,,,,,
2025-03-21,0.0001065347,,,,,,,,,,
2025-03-22,0.0002654343,,,,,,,,,,
2025-03-23,0.00020032520000000002,,,,,,,,,,
2025-03-24,0.0002354407,,,,,,,,,,
2025-03-25,0.00010764440000000002,,,,,,,,,,
2025-03-26,0.00028552490000000004,,,,,,,,,,
2025-03-27,0.0002646104,,,,,,,,,,
2025-03-28,5.8490700000000006e-05,,,,,,,,,,
2025-03-29,-3.57249e-05,,,,,,,,,,
2025-03-30,8.123370000000001e-05,,,,,,,,,,
2025-03-31,0.0001295283,,,,,,,,,,
2025-04-01,0.0002624572,,,,,,,,,,
2025-04-02,0.00022202890000000002,,,,,,,,,,
2025-04-03,7.38639e-05,,,,,,,,,,
2025-04-04,0.0002658583,,,,,,,,,,
2025-04-05,0.000127302,,,,,,,,,,
2025-04-06,0.0002369785,,,,,,,,,,
2025-04-07,0.0002251335,,,,,,,,,,
2025-04-08,0.00018069830000000002,,,,,,,,,,
2025-04-09,0.0002929412,,,,,,,,,,
2025-04-10,0.00030000000000000003,,,,,,,,,,
2025-04-11,0.00030000000000000003,,,,,,,,,,
2025-04-12,0.00030000000000000003,,,,,,,,,,
2025-04-13,0.00030000000000000003,,,,,,,,,,
2025-04-14,0.00030000000000000003,,,,,,,,,,
2025-04-15,0.00030000000000000003,,,,,,,,,,
2025-04-16,0.00030000000000000003,,,,,,,,,,
2025-04-17,0.00030000000000000003,,,,,,,,,,
2025-04-18,0.00030000000000000003,,,,,,,,,,
2025-04-19,0.00030000000000000003,,,,,,,,,,
2025-04-20,0.00030000000000000003,,,,,,,,,,
2025-04-21,0.00030000000000000003,,,,,,,,,,
2025-04-22,0.00030000000000000003,,,,,,,,,,
2025-04-23,0.00030000000000000003,,,,,,,,,,
2025-04-24,0.00030000000000000003,,,,,,,,,,
2025-04-25,0.00029162190000000003,,,,,,,,,,
2025-04-26,0.00030000000000000003,,,,,,,,,,
2025-04-27,0.00030000000000000003,,,,,,,,,,
2025-04-28,0.00030000000000000003,,,,,,,,,,
2025-04-29,0.00030000000000000003,,,,,,,,,,
2025-04-30,0.00030000000000000003,,,,,,,,,,
2025-05-01,0.00030000000000000003,,,,,,,,,,
2025-05-02,0.00030000000000000003,,,,,,,,,,
2025-05-03,0.00030000000000000003,,,,,,,,,,
2025-05-04,0.00029557490000000004,,,,,,,,,,
2025-05-05,0.00030000000000000003,,,,,,,,,,
2025-05-06,0.00030000000000000003,,,,,,,,,,
2025-05-07,0.0002946967,,,,,,,,,,
2025-05-08,0.00030000000000000003,,,,,,,,,,
2025-05-09,0.00030000000000000003,,,,,,,,,,
2025-05-10,0.00030000000000000003,,,,,,,,,,
2025-05-11,0.00030000000000000003,,,,,,,,,,
2025-05-12,0.00030000000000000003,,,,,,,,,,
2025-05-13,0.00030000000000000003,,,,,,,,,,
2025-05-14,0.00030000000000000003,,,,,,,,,,
2025-05-15,0.00030000000000000003,,,,,,,,,,
2025-05-16,0.00030000000000000003,,,,,,,,,,
2025-05-17,0.00030000000000000003,,,,,,,,,,
2025-05-18,0.00029922900000000003,,,,,,,,,,
2025-05-19,0.00030000000000000003,,,,,,,,,,
2025-05-20,0.00030000000000000003,,,,,,,,,,
2025-05-21,0.00030000000000000003,,,,,,,,,,
2025-05-22,0.00030000000000000003,,,,,,,,,,
2025-05-23,0.00030000000000000003,,,,,,,,,,
2025-05-24,0.00030000000000000003,,,,,,,,,,
2025-05-25,0.00030000000000000003,,,,,,,,,,
2025-05-26,0.00030000000000000003,,,,,,,,,,
2025-05-27,0.00030000000000000003,,,,,,,,,,
