,net_returns,gross_returns,turnover,eth_beta_rolling,pc1_beta_rolling
2024-05-30,0.009166081044392906,0.009166081044392906,0.0,,
2024-05-31,-0.006046036595433544,0.0004082903276433796,1.2908653846153848,,
2024-06-01,-0.0020967730286419696,0.003600342355973416,1.139423076923077,,
2024-06-02,-0.008544842526759735,-0.0028477271421443497,1.139423076923077,,
2024-06-03,-0.014128890723918937,-0.00936927533930355,0.9519230769230771,,
2024-06-04,-0.004335211403113375,0.004102288596886625,1.6875,,
2024-06-05,-0.01707224774174508,-0.009968882357129694,1.420673076923077,,
2024-06-06,0.00047692739896717205,0.004948081245121019,0.8942307692307693,,
2024-06-07,0.007716924227842638,0.013810674227842639,1.2187500000000002,,
2024-06-08,-0.011953577296998176,-0.002056024141108998,1.9795106311778359,,
2024-06-09,-0.006860682501785429,0.00253662293009624,1.879461086376334,,
2024-06-10,-0.003314033835767727,0.0016723693235825806,0.9972806318700616,,
2024-06-11,-0.008324343746027425,-0.0021684364494680645,1.2311814593118722,,
2024-06-12,0.008444488913335779,0.013314794365715948,0.9740610904760343,,
2024-06-13,-0.008950111427026518,0.0004779769106133743,1.8856176675279785,,
2024-06-14,-0.010883103172649792,-0.003712303016394475,1.4341600312510634,,
2024-06-15,-0.011040372579978848,-0.006631972357798102,0.8816800444361492,,
2024-06-16,-0.014580117908295304,-0.00956253863227725,1.0035158552036108,,
2024-06-17,-0.008444106747141272,-0.0026228560745996665,1.1642501345083212,,
2024-06-18,0.003936594663225286,0.01038432592239382,1.2895462518337069,,
2024-06-19,-0.00596160628952964,0.0002798776039378212,1.2482967786934922,,
2024-06-20,-0.004451636397263789,0.0002202662629482738,0.9343805320424126,,
2024-06-21,-0.008483151057441757,-0.00236693497427045,1.2232432166342613,,
2024-06-22,-0.0019097656806381798,0.00318557074286217,1.01906728470007,,
2024-06-23,-0.0011411389213997446,0.0077810836433076305,1.7844445129414752,,
2024-06-24,-0.022277305909411977,-0.015544341393024434,1.3465929032775088,,
2024-06-25,-0.0019536796231280373,0.0036639136058070677,1.123518645787021,,
2024-06-26,-0.004509168839022482,0.0014757224352426439,1.196978254853025,,
2024-06-27,-0.0011575091792975455,-0.00040750917929754563,0.14999999999999997,,
2024-06-28,0.008002849655868314,0.008752849655868315,0.14999999999999997,,
2024-06-29,-0.004895544681310447,-0.0041455446813104474,0.14999999999999997,,
2024-06-30,-0.003068544238724662,-0.0023185442387246616,0.15,,
2024-07-01,-0.0026638332989620352,-0.001913833298962035,0.15000000000000002,,
2024-07-02,-0.0017940839889334288,-0.001044083988933429,0.14999999999999997,,
2024-07-03,0.004510687977147884,0.0052606879771478834,0.14999999999999997,,
2024-07-04,0.003915813796940275,0.0046658137969402755,0.15000000000000005,,
2024-07-05,0.001355121060039172,0.002105121060039172,0.15000000000000002,,
2024-07-06,-0.0008028732509577515,-5.2873250957751515e-05,0.15,,
2024-07-07,-0.0005660281737047602,0.00018397182629523956,0.14999999999999997,,
2024-07-08,0.0015008962968067145,0.0022508962968067147,0.15000000000000002,,
2024-07-09,-0.002688458618165549,-0.0019384586181655488,0.15000000000000002,,
2024-07-10,-0.0019508815662118571,-0.0012008815662118571,0.15,,
2024-07-11,-0.004286638295015216,-0.003536638295015216,0.14999999999999997,,
2024-07-12,-0.0003020244856923517,0.0004479755143076483,0.15,,
2024-07-13,-0.0010936814150746153,-0.0003436814150746155,0.14999999999999997,,
2024-07-14,0.0035789015141272688,0.004328901514127269,0.15000000000000002,,
2024-07-15,0.0014624742788662797,0.0022124742788662798,0.15,,
2024-07-16,-0.0006302326538830609,0.00011976734611693892,0.14999999999999997,,
2024-07-17,-0.0009313891864362943,-0.00018138918643629425,0.15,,
2024-07-18,-0.0016780825767273512,-0.0009280825767273512,0.15000000000000002,,
2024-07-19,-0.0015935976879309977,-0.0008435976879309976,0.15,,
2024-07-20,0.0002492223683617321,0.0009992223683617319,0.14999999999999997,,
2024-07-21,0.001495977952528836,0.002245977952528836,0.14999999999999997,,
2024-07-22,0.0007638010316755178,0.0015138010316755178,0.15,,
2024-07-23,-0.00037138337972679084,0.00037861662027320896,0.14999999999999997,,
2024-07-24,0.0026210142660561923,0.0033710142660561926,0.15,,
2024-07-25,0.0012796374897812153,0.002029637489781215,0.14999999999999997,,
2024-07-26,-0.00367852485082171,-0.00292852485082171,0.14999999999999997,,
2024-07-27,6.722550573813341e-05,0.0008172255057381334,0.15,,
2024-07-28,2.5885726854962734e-05,0.0007758857268549627,0.15,-0.027052082966663386,2.27453328042978e-05
2024-07-29,0.0016894809772164446,0.002439480977216445,0.15000000000000002,-0.023990044676373796,1.4952237796046438e-05
2024-07-30,-0.0024033633519472118,-0.0016533633519472115,0.15000000000000002,-0.023529257437359223,1.2134254709305022e-05
2024-07-31,0.0011911543136725576,0.0019411543136725576,0.15,-0.02522186940466235,1.0774004985050581e-05
2024-08-01,-0.0002379109869438407,0.0005120890130561594,0.15000000000000002,-0.026601933396866357,9.617152514430579e-06
2024-08-02,-0.0028919959651181816,-0.002141995965118182,0.14999999999999997,-0.023110160229363585,1.34154344691545e-05
2024-08-03,0.0005301575551809706,0.0012801575551809707,0.15000000000000002,-0.02380815856387272,8.501367278863037e-06
2024-08-04,0.0005389108156114101,0.0012889108156114099,0.14999999999999997,-0.019318212303253077,3.89139728391546e-05
2024-08-05,0.0004917214311955644,0.0012417214311955642,0.14999999999999997,-0.020055417912574192,4.7357854404823666e-05
2024-08-06,-0.0035401575828572004,-0.0027901575828572,0.15000000000000002,-0.015703186168442563,7.209129431425694e-05
2024-08-07,-0.0021488802487264515,-0.001398880248726452,0.14999999999999997,-0.013791861390480917,2.2706235597520723e-05
2024-08-08,0.011802767356985162,0.012552767356985163,0.14999999999999997,0.016332226079009114,-3.123993222973082e-05
2024-08-09,-0.0017254504398507083,-0.000975450439850708,0.15000000000000002,0.016101076210803183,-3.4120181348084104e-05
2024-08-10,0.0013887949267818954,0.0021387949267818954,0.15,0.013140304500347604,-2.7014645280442648e-05
2024-08-11,-0.00011174581057715846,0.0006382541894228413,0.14999999999999997,0.009882927363307429,-5.6328766111602244e-05
2024-08-12,0.002696580003858173,0.003446580003858173,0.15,0.01110204937645721,-8.511521158358716e-05
2024-08-13,-0.0007433013919859918,6.698608014008284e-06,0.15,0.011938848212772442,-0.00012154384316733945
2024-08-14,7.035908927321228e-05,0.0008203590892732124,0.15000000000000002,0.015417669882529897,-0.00014338945196124515
2024-08-15,-0.001411805368053104,-0.0006618053680531041,0.14999999999999997,0.0189618072806338,-0.0001729830669121627
2024-08-16,0.0003630502959956288,0.0011130502959956286,0.14999999999999997,0.016866091664830905,-0.0002660259430526316
2024-08-17,-0.00045726378134617105,0.00029273621865382875,0.14999999999999997,0.017061160298213227,-0.0002633086569655329
2024-08-18,0.0011827220195431266,0.0019327220195431264,0.14999999999999997,0.019051909182352163,-0.0002628987360754632
2024-08-19,0.0006862728643487213,0.0014362728643487214,0.15000000000000002,0.018844553852567395,-0.0002500912004267323
2024-08-20,-0.002943948010448177,-0.0021939480104481773,0.15,0.01998399976164388,-0.00026551265170146306
2024-08-21,-8.618793781493036e-05,0.0006638120621850698,0.15000000000000002,0.019920997034017264,-0.00026356218542488146
2024-08-22,-0.002689375193147905,-0.001939375193147905,0.15000000000000002,0.019819934998004718,-0.00026752281876762533
2024-08-23,-0.003223293609579439,-0.0024732936095794387,0.15000000000000002,0.012867610862905204,-0.00015834273200756143
2024-08-24,-0.0020328825832771403,-0.0012828825832771403,0.15000000000000002,0.01314465309385543,-0.00015823862273123892
2024-08-25,-0.0010922160818473271,-0.00034221608184732693,0.15000000000000002,0.012971050322738821,-0.0001699361686489856
2024-08-26,0.0021564825628043447,0.002906482562804345,0.15000000000000002,0.01275129526243074,-0.00017404124622995726
2024-08-27,0.0034455237808203956,0.004195523780820396,0.15000000000000002,0.01002103568190385,-0.00013830665346343287
2024-08-28,0.003848378429081375,0.004598378429081375,0.14999999999999997,0.011599367757353693,-0.0001641016035088862
2024-08-29,-0.0008602203706910527,-0.00011022037069105267,0.15,0.012384499987115556,-0.00015870969184402693
2024-08-30,0.0019409458079714234,0.0026909458079714234,0.15,0.012693694112384104,-0.00017056652014359617
2024-08-31,-0.0024605109639985355,-0.0017105109639985357,0.15,0.012649298182042377,-0.00016259841201360256
2024-09-01,-0.0029539066871542563,-0.002203906687154256,0.15000000000000002,0.015236473793273008,-0.00015561992648679485
2024-09-02,0.0037556649876201594,0.00450566498762016,0.15000000000000002,0.021061424744487398,-0.00014440494501767126
2024-09-03,-0.00033778092410558576,0.00041221907589441425,0.15,0.021175395879073747,-0.00014408591285073328
2024-09-04,-0.0009306547303958161,-0.000180654730395816,0.15000000000000002,0.021499594329286966,-0.00014735356176035942
2024-09-05,-0.001125182007426935,-0.0003751820074269348,0.15000000000000002,0.02185524026282631,-0.00015053230030029173
2024-09-06,-0.0004977282288070367,0.0002522717711929635,0.15000000000000002,0.020953765452024306,-0.00014568370407247943
2024-09-07,-0.001104108055316536,-0.0003541080553165359,0.15000000000000002,0.021141233714549176,-0.00013928041441910172
2024-09-08,-0.0024832653546688855,-0.0017332653546688855,0.14999999999999997,0.021114910767550045,-0.00014385295991633268
2024-09-09,0.00408971034098755,0.0048397103409875495,0.14999999999999997,0.022509436983572835,-0.0001518927197262213
2024-09-10,0.0005620292587593168,0.0013120292587593166,0.14999999999999997,0.022651133022697084,-0.0001519717071002689
2024-09-11,-0.0007621032351725608,-1.2103235172560615e-05,0.15000000000000002,0.02305529490118372,-0.00015191449022611855
2024-09-12,-0.001991498172790169,-0.0012414981727901686,0.15000000000000002,0.02181536884017526,-0.00015420859105802782
2024-09-13,5.452016163812255e-05,0.0008045201616381223,0.14999999999999997,0.021666019064841162,-0.00015143481468453868
2024-09-14,-0.0009197946476207735,-0.00016979464762077335,0.15000000000000002,0.02166290134950816,-0.00015174722516369044
2024-09-15,0.001954601351023437,0.0027046013510234374,0.15000000000000002,0.020461727099376707,-0.00014916639436443233
2024-09-16,7.307353712665359e-05,0.0008230735371266536,0.15,0.02086960897334474,-0.00015839948917370524
2024-09-17,-0.0034065867542999017,-0.002656586754299902,0.15,0.020397843720358393,-0.000159190243150234
2024-09-18,0.0038355512463379405,0.004585551246337941,0.15000000000000002,0.021138981228945638,-0.0001523516710967956
2024-09-19,0.0027109941240872795,0.0034609941240872793,0.14999999999999997,0.02186238194986343,-0.00015182912874527724
2024-09-20,-0.009879462247940955,-0.009129462247940954,0.15,0.016864882425144466,-0.00012108670950863447
2024-09-21,-0.007834386249542458,-0.0070843862495424586,0.15,0.014604473420497458,-0.0001448257646728915
2024-09-22,0.008182674807507107,0.008932674807507108,0.14999999999999997,0.015275235753406441,-0.00019081707759843904
2024-09-23,0.0012722961028703125,0.0020222961028703128,0.15000000000000002,0.016722989103406995,-0.00020429734569952143
2024-09-24,-0.008401031194787105,-0.007651031194787105,0.15000000000000002,0.017847797661306945,-0.00022023515268478004
2024-09-25,-0.0011815865650001791,-0.000431586565000179,0.15,0.018016946445568338,-0.0002231760385218538
2024-09-26,0.0015907628631231764,0.0023407628631231764,0.15,0.018392958782188003,-0.0002260166641612287
2024-09-27,0.0020784346147682594,0.0028284346147682596,0.15000000000000002,0.018624553279646527,-0.0002254259973355766
2024-09-28,0.0007739370150314359,0.0015239370150314357,0.14999999999999997,0.018366663386100244,-0.00023445419436366702
2024-09-29,-0.004233330090258851,-0.003483330090258852,0.14999999999999997,0.018732847189235055,-0.0002407869602157056
2024-09-30,0.003253470256405377,0.004003470256405377,0.15000000000000005,0.01795219691780563,-0.0002484569704531354
2024-10-01,-0.00012582045894997407,0.000624179541050026,0.15,0.016052074322505314,-0.00024489374966859195
2024-10-02,0.0006806408457675527,0.0014306408457675527,0.15,0.01587595693063738,-0.000248139451792468
2024-10-03,0.0010484672616632516,0.0017984672616632516,0.15,0.017537053424222303,-0.00025813665435349685
2024-10-04,-0.0018525491655412745,-0.0011025491655412742,0.15000000000000002,0.02029521087602197,-0.0002787081265717511
2024-10-05,0.0016639666818354189,0.002413966681835419,0.15,0.021223937201662706,-0.00027435063328316324
2024-10-06,0.0037242118321145976,0.004474211832114597,0.14999999999999997,0.020960140882671764,-0.00025675687850302593
2024-10-07,5.0671032467036834e-05,0.0008006710324670368,0.15,-0.004575985989231833,-0.00017642917659345462
2024-10-08,0.0019099942382634764,0.0026599942382634764,0.15,-0.005274565011801249,-0.0001799757277128306
2024-10-09,-0.003533871119795899,-0.0027838711197958987,0.15000000000000002,-0.003394071610398863,-0.00018118505356932242
2024-10-10,-0.0013858087396834947,-0.0006358087396834947,0.15,-0.0035697644289858013,-0.00019180354657496684
2024-10-11,-2.766395798243452e-05,0.0007223360420175655,0.15,-0.008144998254178446,-0.00017638477948019564
2024-10-12,0.0017681415219282894,0.0025181415219282894,0.15,-0.007353712857601592,-0.00017848628399844208
2024-10-13,-0.0017331974570925232,-0.0009831974570925232,0.15000000000000002,-0.007214405427876478,-0.0001718935684498052
2024-10-14,0.004158835214982149,0.004908835214982149,0.15000000000000002,-0.0018133726774980732,-0.0001918366217221936
2024-10-15,-0.006682718122099955,-0.005932718122099955,0.14999999999999997,-0.0007006202469988421,-0.0001762642519226306
2024-10-16,0.0006226774246596208,0.001372677424659621,0.15000000000000002,-0.0006333214401302412,-0.00017647957612323408
2024-10-17,0.0005117192457284835,0.0012617192457284833,0.14999999999999997,-0.0006628706426279089,-0.00018029003789181807
2024-10-18,-0.00249641638052303,-0.0017464163805230302,0.15,-0.0015074331019186307,-0.00018998934833641014
2024-10-19,0.0003072431465504697,0.0010572431465504697,0.15,-0.0028979255120324438,-0.0001818568568196037
2024-10-20,0.0018551689346811668,0.002605168934681167,0.15,-0.0013527285415818287,-0.00018275683970131104
2024-10-21,0.001360093508172071,0.002110093508172071,0.15000000000000002,-0.0024913364866522153,-0.00017833356609528466
2024-10-22,-0.002754307139453663,-0.002004307139453663,0.15,0.0018189399928129877,-0.00017632154611510941
2024-10-23,-0.0014841943502904324,-0.0007341943502904323,0.15,0.003034247176150902,-0.0001739081820822864
2024-10-24,-0.003743584244636878,-0.002993584244636878,0.15,0.0020572883741679913,-0.0001822083732197807
2024-10-25,0.001268241140127685,0.002018241140127685,0.15,0.0020031252566806526,-0.00017066497288023642
2024-10-26,0.003180980028710999,0.0039309800287109994,0.15000000000000002,0.0113537289345393,-0.0002293341451112995
2024-10-27,0.0024101010480468226,0.003160101048046823,0.15000000000000002,0.009449033781628114,-0.00020378468946088304
2024-10-28,-0.004587702576739396,-0.003837702576739396,0.14999999999999997,0.006910824629619253,-0.00016822095032512712
2024-10-29,-0.004635818240112824,-0.0038858182401128234,0.14999999999999997,0.004119166776113748,-0.00017896034037701152
2024-10-30,-0.0028129845913842173,-0.002062984591384217,0.15000000000000002,0.003474825526959627,-0.0001714720975362302
2024-10-31,0.003191011920617385,0.003941011920617385,0.14999999999999997,-0.0031854173957934547,-0.00017231967499852253
2024-11-01,-6.961255886423368e-06,0.0007430387441135766,0.15,-0.007626410220569184,-0.0001712688417673552
2024-11-02,0.000279682890595073,0.001029682890595073,0.15,-0.008136260120607287,-0.00017273944004035953
2024-11-03,-0.0020500973133913115,-0.0013000973133913114,0.15000000000000002,-0.007373473065541183,-0.00015789429488775793
2024-11-04,-0.000688403769804041,6.159623019595915e-05,0.15000000000000002,-0.007916822717555288,-0.00015717691449096302
2024-11-05,0.002116488511494686,0.002866488511494686,0.14999999999999997,-0.008353465308134252,-0.00013784417144913574
2024-11-06,0.004221032893395371,0.004971032893395371,0.15,0.004867316830825726,-0.00016624512205425004
2024-11-07,-0.0030043632524553742,-0.0022543632524553744,0.14999999999999997,0.001796873379077466,-0.00010424718812889299
2024-11-08,-0.002373789580931457,-0.001623789580931457,0.15,-0.0008623243542802016,-0.00011639263298482174
2024-11-09,-0.008279050527479698,-0.007529050527479699,0.15000000000000002,-0.008388573675407596,-8.123296491714035e-05
2024-11-10,-0.004475335065050313,-0.0037253350650503134,0.14999999999999997,-0.009603271123452753,-0.00010608317634662478
2024-11-11,0.004772705979396543,0.005522705979396543,0.15,-0.004350383559080595,-9.491169384925922e-05
2024-11-12,0.000736741457878816,0.001486741457878816,0.15,-0.005425044892344084,-8.80081153997938e-05
2024-11-13,-0.0017256771235225755,-0.0009756771235225755,0.15000000000000002,-0.005045674949243328,-8.279536590244911e-05
2024-11-14,0.009254601838197787,0.010004601838197787,0.15,-0.011064446817533378,-9.388472020736235e-05
2024-11-15,-0.00409825112946312,-0.0033482511294631204,0.14999999999999997,-0.01158340009749544,-0.00011571686792016444
2024-11-16,-0.003190133523446179,-0.002440133523446179,0.15000000000000002,-0.011069193178483818,-0.00011957418499518804
2024-11-17,-0.0069447744002257535,-0.006194774400225754,0.14999999999999997,-0.008950166685796032,-0.00011740845067219174
2024-11-18,0.0012807627144365628,0.0020307627144365626,0.14999999999999997,-0.009687882159284079,-0.00010920498494654757
2024-11-19,0.007921911525745593,0.008671911525745594,0.15,-0.009055268171107472,-0.00010869221449282027
2024-11-20,-0.0049742373149606126,-0.004224237314960613,0.14999999999999997,-0.005448492648135895,-6.5409911858149e-05
2024-11-21,-0.00025309178854291715,0.0004969082114570829,0.15,-0.0026217020192081234,-3.701000824445804e-05
2024-11-22,-0.004756899368383865,-0.0040068993683838655,0.15000000000000002,-0.0023386287310274358,-6.215136410923967e-05
2024-11-23,0.006963957390746112,0.007713957390746112,0.15000000000000002,-0.0008339537806134652,1.0340450296876649e-05
2024-11-24,0.003478099134310675,0.004228099134310675,0.15000000000000002,-0.002136817469648902,3.5215993877794254e-05
2024-11-25,0.00866320819262618,0.00941320819262618,0.15,-0.0011507348917724955,5.687046566950353e-06
2024-11-26,0.004282595098133446,0.005032595098133446,0.15000000000000002,-0.003780425499584232,2.4704355223377662e-05
2024-11-27,0.0007185404185829133,0.001468540418582913,0.14999999999999997,-0.0023223192728332696,2.1835355689154237e-05
2024-11-28,-0.00023475304734110508,0.0005152469526588949,0.15,-0.002903652327166259,2.840230185102587e-05
2024-11-29,-8.520313508341359e-05,0.0006647968649165865,0.15000000000000002,-0.0017473785058498845,3.890720871975332e-05
2024-11-30,-0.0031660986322127474,-0.002416098632212747,0.15000000000000002,-0.0030557789207090983,3.7756178083170486e-05
2024-12-01,-0.0008784750591656876,-0.00012847505916568778,0.14999999999999997,-0.0025934138250727845,3.617273861566779e-05
2024-12-02,0.0012173278336058367,0.0019673278336058368,0.15,-0.0028356377688965734,4.07819901336147e-05
2024-12-03,0.0014498009637543621,0.002199800963754362,0.14999999999999997,-0.002606540737801074,4.720390485864563e-05
2024-12-04,-0.0010445483034232652,-0.00029454830342326503,0.15000000000000002,-0.003076205332259367,4.917283907605631e-05
2024-12-05,0.0007899571806528108,0.0015399571806528109,0.15,-0.0033951819476776834,4.4234860967467354e-05
2024-12-06,-0.0030402289677828394,-0.002290228967782839,0.15000000000000002,-0.0049726971277788325,4.802644229601565e-05
2024-12-07,-0.0025570622019279784,-0.0018070622019279784,0.14999999999999997,-0.004643109443806552,5.258042576994584e-05
2024-12-08,-0.0006470800237689324,0.00010291997623106758,0.15,-0.006489768809948845,5.137104837127851e-05
2024-12-09,0.006955834350021253,0.007705834350021252,0.15000000000000002,-0.01351686214360842,-6.890522391205432e-06
2024-12-10,-0.008667965492976966,-0.007917965492976966,0.15,-0.010050355129041637,3.2118715112478573e-06
2024-12-11,-5.57744198116238e-06,0.0007444225580188377,0.15000000000000002,-0.009890677231641576,3.6657426490688425e-06
2024-12-12,-0.004250676920822051,-0.0035006769208220504,0.14999999999999997,-0.010385879358691966,2.6789809167856873e-06
2024-12-13,0.003377254162678762,0.004127254162678762,0.15000000000000002,-0.014061798784585732,6.698602942181164e-06
2024-12-14,-0.004108681764343159,-0.003358681764343159,0.15000000000000002,-0.014449282578450878,1.2600460706796693e-05
2024-12-15,0.001696971701349837,0.0024469717013498368,0.14999999999999997,-0.01399233814069901,1.4668282929111159e-05
2024-12-16,-0.0007983790693602648,-4.8379069360265055e-05,0.14999999999999997,-0.013928544928897037,1.6610065147946254e-05
2024-12-17,-0.002771720796674596,-0.002021720796674596,0.15,-0.012490966630516829,2.2555441069780827e-05
2024-12-18,-0.004185567372912721,-0.003435567372912721,0.15,-0.007994405063722903,2.853951668936588e-05
2024-12-19,-0.0041822636630139,-0.0034322636630139,0.15000000000000002,-0.005859128641802404,3.095508268811974e-05
2024-12-20,0.0007867344237050856,0.0015367344237050854,0.14999999999999997,-0.005049162381561336,3.280913639063817e-05
2024-12-21,-0.010317921696134639,-0.009567921696134638,0.15,-0.0005627894107528221,3.4848067768073646e-05
2024-12-22,0.007621658228009551,0.008371658228009551,0.14999999999999997,-0.0032474157893851,4.8584579785051655e-05
2024-12-23,0.007677334141811365,0.008427334141811365,0.15,0.00039227681630483975,5.9485361093882894e-05
2024-12-24,0.008932469346812279,0.00968246934681228,0.15000000000000005,0.0029386125490074144,7.44521643883337e-05
2024-12-25,-0.006808876243061058,-0.006058876243061059,0.15000000000000002,0.002901663164374863,8.385708828409726e-05
2024-12-26,-0.007048108378132183,-0.006298108378132183,0.14999999999999997,0.0066821186710070936,8.851135105750958e-05
2024-12-27,0.0018553059917747804,0.0026053059917747804,0.15,0.007488073080232945,8.514981048445857e-05
2024-12-28,-0.005618287490542848,-0.004868287490542848,0.14999999999999997,0.007697348083035882,7.805503054356942e-05
2024-12-29,-0.007848073366841492,-0.007098073366841491,0.14999999999999997,0.009336366707808462,8.71081932484518e-05
2024-12-30,-0.0013582757666202986,-0.0006082757666202986,0.15,0.012320137830669854,8.682584267277646e-05
2024-12-31,-0.006005270828115078,-0.0052552708281150785,0.14999999999999997,0.013120707962152717,9.057997412885337e-05
2025-01-01,0.009523813651860804,0.010273813651860803,0.14999999999999997,0.01344493409033844,9.902506185135636e-05
2025-01-02,0.0014354584577677546,0.0021854584577677546,0.15,0.013553394718667951,9.727531259538468e-05
2025-01-03,0.005023569694128,0.005773569694128,0.15000000000000002,0.01572064299073451,9.817724998558104e-05
2025-01-04,-0.002884485009709197,-0.002134485009709197,0.15,0.0153692751617688,9.704877247228192e-05
2025-01-05,-0.0028410581906855034,-0.0020910581906855032,0.15,0.011213228152613773,0.00010293499625112566
2025-01-06,-0.001074301136328857,-0.00032430113632885693,0.15000000000000002,0.013706586025211742,9.957664585580799e-05
2025-01-07,0.011120673476980793,0.011870673476980793,0.15,-0.0006057756999056565,8.32140892141591e-05
2025-01-08,-0.00109329084362325,-0.00034329084362325003,0.15,0.005491379756671587,7.285868658847421e-05
2025-01-09,-0.010159555911593492,-0.009409555911593492,0.15000000000000002,0.010942960663255315,6.238785079238575e-05
2025-01-10,0.007480591362524983,0.008230591362524983,0.15,0.009125026533293484,5.8434888084276125e-05
2025-01-11,-0.005036026936186245,-0.004286026936186245,0.15000000000000002,0.009511485587808498,6.0963602677694e-05
2025-01-12,0.0018627092496902016,0.0026127092496902016,0.15,0.009027979180490473,5.760706734353701e-05
2025-01-13,0.0014620189803919992,0.0022120189803919994,0.15000000000000002,0.01389977156719882,6.1651309836457e-05
2025-01-14,0.006899257758094394,0.007649257758094394,0.15,0.017294846587746722,7.613521931149968e-05
2025-01-15,0.007196523022649369,0.007946523022649369,0.15,0.023103515009499826,8.156998282186944e-05
2025-01-16,0.0016707499825938834,0.0024207499825938837,0.15000000000000002,0.019922134386004518,7.6781615031369e-05
2025-01-17,0.002021793585095001,0.0027717935850950014,0.15000000000000002,0.020321152756170007,7.675056964017067e-05
2025-01-18,-0.00017723283858276577,0.0005727671614172344,0.15000000000000002,0.023250004058887896,6.958372432714672e-05
2025-01-19,-0.002544261186244607,-0.0017942611862446069,0.15,0.02317753344203591,6.614447294313971e-05
2025-01-20,-0.003117202518180701,-0.0023672025181807007,0.15,0.02509697092211914,7.146639806509897e-05
2025-01-21,0.000749229890380969,0.0014992298903809688,0.14999999999999997,0.024602324849282754,8.97875273008618e-05
2025-01-22,0.0029282516216132277,0.0036782516216132275,0.14999999999999997,0.02161851534095151,7.230926971776218e-05
2025-01-23,-0.0026378311835410836,-0.001887831183541084,0.14999999999999997,0.02076181613599214,6.74021285112223e-05
2025-01-24,-0.0022835583781765025,-0.0015335583781765025,0.15000000000000002,0.01921212799032275,8.523490222982434e-05
2025-01-25,5.880274409229987e-05,0.0008088027440922997,0.14999999999999997,0.020996974346254447,7.372673636336582e-05
2025-01-26,-0.0006874154932403037,6.25845067596963e-05,0.15,0.02246286244365457,7.793390248663035e-05
2025-01-27,0.0011645013791492173,0.001914501379149217,0.14999999999999997,0.02216175610892603,7.795302411997059e-05
2025-01-28,-0.004929009974179409,-0.004179009974179409,0.14999999999999997,0.02400242906766767,8.554619409383517e-05
2025-01-29,0.00022012989333892975,0.0009701298933389299,0.15000000000000002,0.025968863565909397,8.76113436288261e-05
2025-01-30,0.0015974820873697736,0.002347482087369774,0.15000000000000002,0.02650403714283266,8.800369845039911e-05
2025-01-31,0.003248128766346161,0.003998128766346161,0.15000000000000002,0.027780671055722492,8.276973973788513e-05
2025-02-01,-0.004554704313104866,-0.003804704313104866,0.15000000000000002,0.030089237478982112,9.117004451290253e-05
2025-02-02,-0.0005944232093677687,0.00015557679063223106,0.14999999999999997,0.02999814951587523,8.85547089509645e-05
2025-02-03,0.0015237922027271347,0.0022737922027271347,0.15,0.0302742560907165,9.156331299228934e-05
2025-02-04,-0.0028456962495110355,-0.0020956962495110357,0.14999999999999997,0.03449411918776713,8.86589393853994e-05
2025-02-05,-0.0023771356174559326,-0.0016271356174559326,0.15000000000000002,0.03362873499396475,9.362343204280825e-05
2025-02-06,-0.004921839082606975,-0.004171839082606975,0.15,0.035178128662210366,9.578761972015433e-05
2025-02-07,0.0025868751712550568,0.0033368751712550566,0.15,0.04404824508881463,0.00022665712399376177
2025-02-08,0.00043489150819533496,0.001184891508195335,0.15,0.04208582048257522,0.00020642726658124882
2025-02-09,0.0034034037658202125,0.004153403765820213,0.15000000000000002,0.04444327174468047,0.00021457227743255824
2025-02-10,0.00012131996427382262,0.0008713199642738227,0.15000000000000002,0.045790695582525374,0.00021539365078735188
2025-02-11,-0.002839403816864009,-0.002089403816864009,0.15000000000000002,0.045616520761671796,0.00021346797588087525
2025-02-12,0.0008586598371006648,0.001608659837100665,0.15000000000000002,0.044095512181480806,0.00020631230456157293
2025-02-13,-0.0017119209716490841,-0.0009619209716490839,0.15000000000000002,0.04399467255449144,0.00020406880932383634
2025-02-14,0.0005232207533465567,0.0012732207533465568,0.15000000000000002,0.0441525763818468,0.00021613668450679095
2025-02-15,0.0009504917153028382,0.001700491715302838,0.14999999999999997,0.04352698977081508,0.00021130355937458363
2025-02-16,-0.0024741384534902617,-0.0017241384534902617,0.15000000000000002,0.04247223562795954,0.00019348814524013477
2025-02-17,0.005400708122551158,0.006150708122551158,0.14999999999999997,0.043079101279143876,0.00015855658417408228
2025-02-18,-0.0009420672594831833,-0.0001920672594831836,0.14999999999999994,0.04308695452006557,0.00016010479487928606
2025-02-19,0.0020668656787955018,0.0028168656787955016,0.14999999999999997,0.03812846799595088,0.00016009077892885018
2025-02-20,0.00012319468084685955,0.0008731946808468593,0.14999999999999997,0.04003330505752076,0.00013030062366939772
2025-02-21,-7.161394370374231e-05,0.0006783860562962575,0.14999999999999997,0.03507457100302265,0.00010546023801639755
2025-02-22,-9.577954352012609e-05,0.0006542204564798739,0.15,0.030446622592740124,7.582642996648074e-05
2025-02-23,-0.005639806440362026,-0.004889806440362026,0.14999999999999997,0.028402506703145588,8.291938015882121e-05
2025-02-24,-0.0026256749461308344,-0.0018756749461308342,0.15000000000000002,0.023838225588515085,7.059802745363537e-05
2025-02-25,-3.0368841634807655e-05,0.0007196311583651921,0.14999999999999997,0.023721585830334714,6.49392172954317e-05
2025-02-26,-0.0007855892308605265,-3.55892308605267e-05,0.14999999999999997,0.02524406163796666,7.433512511056243e-05
2025-02-27,-0.0030783491365411115,-0.0023283491365411117,0.14999999999999997,0.0246024814835705,4.052991487408822e-05
2025-02-28,0.0011756705017359338,0.001925670501735934,0.15000000000000002,0.02425204980186593,4.1246329416319714e-05
2025-03-01,0.0009160870416489795,0.0016660870416489795,0.15,0.02419007786354287,3.419863498895193e-05
2025-03-02,0.005487188005488099,0.006237188005488099,0.15,0.026064897035477756,-1.5099418170887131e-05
2025-03-03,-0.006724461635670359,-0.00597446163567036,0.14999999999999997,0.02962080933338014,-3.7298750246330855e-05
2025-03-04,0.0006793362185512731,0.0014293362185512732,0.15000000000000002,0.02800959152043791,-4.210269640725046e-05
2025-03-05,0.0026762055312809976,0.003426205531280998,0.15,0.02928065112160482,-4.68885167748994e-05
2025-03-06,0.0017129265055169018,0.0024629265055169016,0.14999999999999997,0.02916199553247853,-4.042212518631931e-05
2025-03-07,0.00035109308158072527,0.0011010930815807253,0.15,0.029389509810551263,-3.894397116088441e-05
2025-03-08,0.0012661602175320712,0.0020161602175320713,0.15,0.03920695391642314,-2.3260268159340884e-05
2025-03-09,-0.007175256199130983,-0.006425256199130983,0.15,0.041893929607397254,-2.2526810996168554e-05
2025-03-10,-0.002816136320713358,-0.0020661363207133583,0.15,0.039920786514072014,7.528654281589587e-07
2025-03-11,-0.0026734024945180204,-0.0019234024945180203,0.14999999999999997,0.03722307977484771,1.3109082249089468e-06
2025-03-12,0.0022020094217823395,0.0029520094217823398,0.15000000000000002,0.0378862855034045,3.905474866712207e-06
2025-03-13,2.1872120847229396e-05,0.0007718721208472294,0.15,0.03773278841545108,6.27244544134702e-06
2025-03-14,-0.00043274296961943277,0.00031725703038056735,0.15000000000000002,0.038047367856926244,5.7528974313454346e-06
2025-03-15,-0.0021715774119487148,-0.0014215774119487145,0.15,0.03577115203453314,-4.380836543551603e-06
2025-03-16,-0.004771377522382642,-0.004021377522382642,0.15,0.033042974343473454,1.7554312213274522e-05
2025-03-17,0.001492983594340722,0.002242983594340722,0.15,0.03424184291702323,1.751512414999825e-05
2025-03-18,0.0007838481126242794,0.0015338481126242792,0.14999999999999997,0.03405068579252313,1.3369006637392196e-05
2025-03-19,0.0002742296648974214,0.0010242296648974214,0.15,0.03364788418577482,1.1170556408912817e-05
2025-03-20,-0.004448650725779592,-0.003698650725779592,0.14999999999999997,0.03415754002400331,-8.786313586538684e-06
2025-03-21,0.001642630187581486,0.002392630187581486,0.15000000000000002,0.03508896144373662,-1.8367692668802316e-05
2025-03-22,0.0018193236850673918,0.002569323685067392,0.15,0.03525436893835915,-1.8454645682490374e-05
2025-03-23,0.005206955473117101,0.005956955473117101,0.15,0.03680881244646452,-3.184220902201402e-05
2025-03-24,-0.0027045236191782112,-0.0019545236191782114,0.14999999999999997,0.036483669201597055,-4.31295026969923e-05
2025-03-25,-0.0009724374116059991,-0.000222437411605999,0.15000000000000002,0.03646961832346129,-4.5944433497417676e-05
2025-03-26,0.0017132178291944262,0.0024632178291944264,0.15000000000000002,0.03594784229087389,-4.4049017166314964e-05
2025-03-27,-0.0031519009122195625,-0.0024019009122195623,0.15000000000000002,0.0358693397357279,-4.404969574663928e-05
2025-03-28,0.003699316958307568,0.004449316958307568,0.14999999999999997,0.0337145380589707,-4.922701152025832e-05
2025-03-29,0.004371978522133698,0.0051219785221336975,0.15,0.031577001424256006,-7.180622786030767e-05
2025-03-30,-0.0017491446627348594,-0.0009991446627348596,0.14999999999999997,0.03164467251648161,-7.440815395896279e-05
2025-03-31,-0.0019799610367607595,-0.0012299610367607593,0.15000000000000002,0.03115336960241304,-6.698069050860056e-05
2025-04-01,-0.0010071579474872703,-0.0002571579474872703,0.15,0.029476999163769644,-5.3946836727262104e-05
2025-04-02,-0.0031944658261931214,-0.002444465826193121,0.15,0.028925818381246506,-5.5573885904034435e-05
2025-04-03,-0.0042935443759219045,-0.0035435443759219048,0.15000000000000002,0.029462351720191213,-5.5650538593765165e-05
2025-04-04,-0.002045167118792257,-0.0012951671187922573,0.14999999999999997,0.02915041920926437,-6.418624147643585e-05
2025-04-05,0.002984090648978673,0.003734090648978673,0.15,0.028761839932545677,-6.690186889967154e-05
2025-04-06,-0.003088612985415975,-0.0023386129854159753,0.14999999999999997,0.028377153721463523,-9.038354681299939e-05
2025-04-07,-0.0022323916182535007,-0.001482391618253501,0.15,0.027611823293243673,-0.00010129158946447074
2025-04-08,-0.006238949208445912,-0.005488949208445912,0.14999999999999997,0.029689327761640686,-0.00012755817406149807
2025-04-09,0.022345045992182174,0.023095045992182175,0.14999999999999997,0.04710442308587562,-0.00020685116745156406
2025-04-10,-0.008980523764796324,-0.008230523764796323,0.15,0.04963127139645288,-0.0002427611308215648
2025-04-11,0.012041797165418502,0.012791797165418502,0.15,0.05234272290121496,-0.0002471645801320924
2025-04-12,-0.0016926836506731902,-0.0009426836506731902,0.15000000000000002,0.05053247459525235,-0.00024298060755745588
2025-04-13,-0.009254574063505779,-0.008504574063505778,0.15000000000000002,0.05236555832712994,-0.00021914449957895544
2025-04-14,-0.0036977794007090233,-0.002947779400709023,0.15,0.05153008950601887,-0.00021325399993967403
2025-04-15,0.0012537460070459654,0.002003746007045965,0.14999999999999997,0.051446749641808176,-0.00020759169095091432
2025-04-16,0.019345447677447673,0.020095447677447673,0.15,0.05176964389482991,-0.00019767385334751544
2025-04-17,-0.005641558511504908,-0.004891558511504909,0.15,0.05125228681527393,-0.00020426436055989271
2025-04-18,0.0015487268161852475,0.0022987268161852475,0.15,0.05043025863964889,-0.0001869879221733074
2025-04-19,0.0003000155873276257,0.0010500155873276258,0.15000000000000002,0.05031795539012919,-0.0001889728108051411
2025-04-20,0.001939389336479998,0.0026893893364799983,0.15000000000000002,0.05005130403254098,-0.0001838918874611337
2025-04-21,0.0022941654472404876,0.003044165447240488,0.15000000000000002,0.0501970554729437,-0.00018312695791352916
2025-04-22,-0.0027406353889559134,-0.0019906353889559136,0.14999999999999997,0.0443725901982583,-0.00014622038331010728
2025-04-23,0.0007223727361270718,0.0014723727361270718,0.15,0.04486365941292864,-0.00014656237244148706
2025-04-24,-0.002679957271710389,-0.0019299572717103892,0.15,0.046167530334276924,-0.00017567217433076533
2025-04-25,-0.0008937529234550278,-0.00014375292345502794,0.14999999999999997,0.04777495438075905,-0.00017717413231559413
2025-04-26,-0.0008394265624173103,-8.942656241731021e-05,0.15000000000000002,0.04743837648830519,-0.00017987110304878168
2025-04-27,0.003262690971955296,0.004012690971955296,0.14999999999999997,0.0480820794940325,-0.00020075153923657931
2025-04-28,-0.007650383496825067,-0.006900383496825068,0.14999999999999997,0.047529394618502974,-0.00020771526032699753
2025-04-29,0.003978081741791594,0.004728081741791594,0.14999999999999997,0.048072288762886314,-0.0002196181969574252
2025-04-30,-0.0060461922508008355,-0.005296192250800836,0.15000000000000002,0.04810016942630346,-0.00022272461910817292
2025-05-01,-8.50126012085572e-05,0.0006649873987914429,0.15000000000000002,0.0485520997399747,-0.00020740378700630728
2025-05-02,-0.0014031037100462637,-0.0006531037100462637,0.15,0.050069483614672054,-0.0001903248095408896
2025-05-03,0.005171400497453775,0.005921400497453775,0.14999999999999997,0.049949333370258815,-0.0002078119899262162
2025-05-04,0.0034195836809154207,0.0041695836809154205,0.14999999999999997,0.0492035931119433,-0.00021025345658582737
2025-05-05,0.0024483827115559477,0.0031983827115559475,0.15,0.04973941265660536,-0.00020852064735948418
2025-05-06,0.007435595542477109,0.008185595542477109,0.14999999999999997,0.05019312616084774,-0.00022876537333279065
2025-05-07,-0.005238482252220057,-0.004488482252220058,0.15,0.050256996573548006,-0.00023652559701396435
2025-05-08,-0.00044410987209965815,0.00030589012790034186,0.15,0.032561455921734296,-0.00017477323591283113
2025-05-09,-0.0008086207102108631,-5.862071021086338e-05,0.14999999999999997,0.031096851464805106,-0.00017054790773986505
2025-05-10,-0.006387950484280614,-0.005637950484280614,0.15000000000000002,0.02546086078349365,-0.00013896591656080345
2025-05-11,0.0012803352588054149,0.002030335258805415,0.15,0.02514587608742531,-0.00014618154057285785
2025-05-12,-0.0010664887847154872,-0.0003164887847154873,0.15,0.025361384431704836,-0.00014710454952684648
2025-05-13,-0.0035377430322122237,-0.0027877430322122234,0.15000000000000002,0.02302998848594105,-0.0001272377341711143
2025-05-14,0.0043551606553368415,0.005105160655336841,0.14999999999999997,0.022048458788607107,-0.00012746934892256183
2025-05-15,0.004144207245321963,0.004894207245321963,0.15,0.02013321572332841,-0.00013986272802587123
2025-05-16,0.0030192347683657963,0.003769234768365796,0.15,0.019842627656318487,-0.00014685330776712148
2025-05-17,3.369500356575103e-06,0.0007533695003565751,0.15,0.019787880057170252,-0.0001467487485016198
2025-05-18,-0.0015930686559029867,-0.0008430686559029869,0.14999999999999997,0.02020334182567526,-0.00015159282024963377
2025-05-19,-0.000838551194000638,-8.855119400063801e-05,0.15,0.018948209864155914,-0.00013719237240923318
2025-05-20,-0.002230549514852483,-0.0014805495148524834,0.14999999999999997,0.0192088585602287,-0.0001392259776547733
2025-05-21,-0.0004332120879610373,0.0003167879120389625,0.14999999999999997,0.01912975867351139,-0.00014162833327745382
2025-05-22,0.0042840786669812725,0.005034078666981272,0.15000000000000002,0.01978107093522514,-0.00013499113650366853
2025-05-23,0.00018306313106051782,0.0009330631310605176,0.14999999999999997,0.02011825822966706,-0.00013249641498105087
2025-05-24,-0.0017143819946998057,-0.0009643819946998055,0.15,0.020081705192483715,-0.00013278066501765066
2025-05-25,-0.00021545908199313818,0.000534540918006862,0.15000000000000002,0.020572848801372192,-0.00013504362961854732
2025-05-26,-0.0018998820438753108,-0.001149882043875311,0.14999999999999997,0.020389023570605413,-0.00013274786623460074
2025-05-27,0.0014159251088827617,0.0021659251088827617,0.15,0.022608220684363467,-0.00013134025444686706
2025-05-28,-0.0017313215597889238,-0.000981321559788924,0.14999999999999997,0.02425581612867805,-0.00012496793557150213
